:1080000002012C010000FF00FF00FF00FF00FF0045
:108100008EEF40F0FF00FF0055EFC2F0FF00FF00D0
:10811000FF00FF00FF00FF00EFEFCCF08BEFB1F0AE
:1081200000202020203C63646920786D6C6E733AD7
:108130007873693D27687474703A2F2F7777772E9C
:1081400077332E6F72672F323030312F584D4C53AA
:108150006368656D612D696E7374616E6365272058
:108160007873693A6E6F4E616D65737061636553C4
:108170006368656D614C6F636174696F6E3D2768FC
:108180007474703A2F2F6F70656E6C63622E6F720D
:10819000672F7472756E6B2F70726F746F74797055
:1081A00065732F786D6C2F736368656D612F6364E1
:1081B000692E787364273E0A202020203C6964657C
:1081C0006E74696669636174696F6E3E0A2020206F
:1081D00020202020203C6D616E756661637475728D
:1081E00065723E5350524F4720444343204C7464C1
:1081F0003C2F6D616E7566616374757265723E0ABF
:1082000020202020202020203C6D6F64656C3E5390
:108210004552564F494F2D4C43433C2F6D6F64657B
:108220006C3E0A20202020202020203C68617264BF
:108230007761726556657273696F6E3E312E303CA0
:108240002F686172647761726556657273696F6ECB
:108250003E0A20202020202020203C736F66747767
:1082600061726556657273696F6E3E322E323C2FB5
:10827000736F66747761726556657273696F6E3E6F
:108280000A202020203C2F6964656E74696669634A
:108290006174696F6E3E0A202020203C616364692E
:1082A0002F3E0A202020203C7365676D656E742088
:1082B0006F726967696E3D2733272073706163654C
:1082C0003D27323533273E203C212D2D2053706130
:1082D00063652030784644202D2D3E0A2020202042
:1082E000202020203C6E616D653E4E6F6465204409
:1082F00065736372697074696F6E3C2F6E616D6532
:108300003E0A20202020202020203C6465736372D8
:10831000697074696F6E3E557365722D70726F76F9
:1083200069646564206465736372697074696F6EF3
:10833000206F6620746865206E6F64653C2F6465ED
:10834000736372697074696F6E3E0A20202020206A
:108350002020203C737472696E672073697A653DD2
:10836000273633273E3C6E616D653E4E6F64652057
:108370004E616D653C2F6E616D653E3C2F7374726E
:10838000696E673E0A20202020202020203C737444
:1083900072696E672073697A653D273634273E3CE3
:1083A0006E616D653E4E6F646520446573637269EE
:1083B0007074696F6E3C2F6E616D653E3C2F7374F7
:1083C00072696E673E0A202020203C2F7365676D1E
:1083D000656E743E0A0A20203C7365676D656E7495
:1083E000206F726967696E3D2731333027207370C3
:1083F0006163653D27323533273E0A202020203C2B
:108400006E616D653E42616E6B2041203C2F6E6156
:108410006D653E0A202020203C646573637269709C
:1084200074696F6E3E53657420492F4F2066756ED8
:108430006374696F6E616C6974793C2F64657363F2
:1084400072697074696F6E3E0A202020203C696E4C
:10845000742073697A653D2731273E0A2020202049
:1084600020203C6E616D653E42616E6B20547970D8
:10847000653C2F6E616D653E0A2020202020203C47
:1084800064656661756C743E303C2F646566617529
:108490006C743E0A2020202020203C6D61703E0A32
:1084A00020202020202020203C72656C6174696FA0
:1084B0006E3E3C70726F70657274793E303C2F7006
:1084C000726F70657274793E3C76616C75653E4979
:1084D0006E7075742F4F75747075743C2F76616C67
:1084E00075653E3C2F72656C6174696F6E3E0A2043
:1084F000202020202020203C72656C6174696F6E02
:108500003E3C70726F70657274793E313C2F7072B0
:108510006F70657274793E3C76616C75653E53652B
:1085200072766F3C2F76616C75653E3C2F72656C80
:108530006174696F6E3E0A2020202020203C2F6D40
:1085400061703E0A202020203C2F696E743E0A2074
:108550002020203C67726F7570207265706C6963B3
:108560006174696F6E3D2738273E0A202020202045
:10857000203C6E616D653E4368616E6E656C207374
:10858000657475703C2F6E616D653E0A2020202059
:1085900020203C7265706E616D653E413C2F7265B6
:1085A000706E616D653E0A2020202020203C73748F
:1085B00072696E672073697A653D273332273E3CC6
:1085C0006E616D653E4465736372697074696F6E48
:1085D0003C2F6E616D653E3C2F737472696E673E11
:1085E0000A2020202020203C696E742073697A655F
:1085F0003D2731273E0A20202020202020203C6ECD
:10860000616D653E46756E6374696F6E3C2F6E6179
:108610006D653E0A20202020202020203C646566D5
:1086200061756C743E323C2F64656661756C743E96
:108630000A20202020202020203C6D61703E0A204E
:108640002020202020202020203C72656C6174694D
:108650006F6E3E3C70726F70657274793E303C2F65
:1086600070726F70657274793E3C76616C75653EB0
:108670004E6F6E653C2F76616C75653E3C2F726562
:108680006C6174696F6E3E0A20202020202020201B
:1086900020203C72656C6174696F6E3E3C70726F35
:1086A00070657274793E313C2F70726F70657274B0
:1086B000793E3C76616C75653E496E7075743C2FF1
:1086C00076616C75653E3C2F72656C6174696F6E86
:1086D0003E0A202020202020202020203C72656C93
:1086E0006174696F6E3E3C70726F70657274793E32
:1086F000323C2F70726F70657274793E3C76616C9B
:1087000075653E4F75747075743C2F76616C756538
:108710003E3C2F72656C6174696F6E3E0A202020AA
:10872000202020202020203C72656C6174696F6ECF
:108730003E3C70726F70657274793E333C2F70727C
:108740006F70657274793E3C76616C75653E4275FA
:1087500074746F6E2F4C4544202D204F75747075C6
:108760007420776974682073616D706C656420692A
:108770006E7075743C2F76616C75653E3C2F72652A
:108780006C6174696F6E3E0A20202020202020201A
:1087900020203C72656C6174696F6E3E3C70726F34
:1087A00070657274793E343C2F70726F70657274AC
:1087B000793E3C76616C75653E4F757470757420BA
:1087C00073696E676C652070756C73653C2F76619C
:1087D0006C75653E3C2F72656C6174696F6E3E0A04
:1087E000202020202020202020203C72656C6174F5
:1087F000696F6E3E3C70726F70657274793E353C85
:108800002F70726F70657274793E3C76616C75651D
:108810003E4F75747075742073696E676C65207057
:10882000756C73652C207265747269676765726117
:10883000626C653C2F76616C75653E3C2F72656C91
:108840006174696F6E3E0A202020202020202020A5
:10885000203C72656C6174696F6E3E3C70726F7023
:10886000657274793E363C2F70726F7065727479E0
:108870003E3C76616C75653E4F7574707574207200
:108880006570656174696E672070756C7365733CA3
:108890002F76616C75653E3C2F72656C6174696FF3
:1088A0006E3E0A20202020202020203C2F6D617069
:1088B0003E0A2020202020203C2F696E743E0A2092
:1088C00020202020203C696E742073697A653D2742
:1088D00031273E0A20202020202020203C6E616D80
:1088E000653E506F6C61726974793C2F6E616D6585
:1088F0003E0A20202020202020203C6465666175EF
:108900006C743E303C2F64656661756C743E0A2061
:10891000202020202020203C6D61703E0A20202055
:10892000202020202020203C72656C6174696F6ECD
:108930003E3C70726F70657274793E303C2F70727D
:108940006F70657274793E3C76616C75653E4E6FF2
:10895000726D616C3C2F76616C75653E3C2F726563
:108960006C6174696F6E3E0A202020202020202038
:1089700020203C72656C6174696F6E3E3C70726F52
:1089800070657274793E313C2F70726F70657274CD
:10899000793E3C76616C75653E496E7665727465AC
:1089A000643C2F76616C75653E3C2F72656C61741A
:1089B000696F6E3E0A20202020202020203C2F6D51
:1089C00061703E0A2020202020203C2F696E743EDA
:1089D0000A2020202020203C696E742073697A656B
:1089E0003D2732273E0A20202020202020203C6ED8
:1089F000616D653E4F7574707574204F6E205065C3
:108A000072696F643C2F6E616D653E0A20202020E4
:108A100020203C2F696E743E0A2020202020203C1C
:108A2000696E742073697A653D2732273E0A2020DB
:108A30002020202020203C6E616D653E4F757470B3
:108A40007574204F666620506572696F643C2F6EA6
:108A5000616D653E0A2020202020203C2F696E7425
:108A60003E0A2020202020203C696E742073697A01
:108A7000653D2731273E0A20202020202020203C51
:108A80006E616D653E556E6974733C2F6E616D65E8
:108A90003E0A20202020202020203C64656661754D
:108AA0006C743E303C2F64656661756C743E0A20C0
:108AB000202020202020203C6D61703E0A202020B4
:108AC000202020202020203C72656C6174696F6E2C
:108AD0003E3C70726F70657274793E303C2F7072DC
:108AE0006F70657274793E3C76616C75653E4D6958
:108AF0006C6C697365636F6E647320286D73293CB9
:108B00002F76616C75653E3C2F72656C6174696F80
:108B10006E3E0A202020202020202020203C72654C
:108B20006C6174696F6E3E3C70726F7065727479BF
:108B30003E313C2F70726F70657274793E3C766185
:108B40006C75653E5365636F6E6473202873293CB2
:108B50002F76616C75653E3C2F72656C6174696F30
:108B60006E3E0A202020202020202020203C7265FC
:108B70006C6174696F6E3E3C70726F70657274796F
:108B80003E323C2F70726F70657274793E3C766134
:108B90006C75653E4D696E7574657320286D293C52
:108BA0002F76616C75653E3C2F72656C6174696FE0
:108BB0006E3E0A20202020202020203C2F6D617056
:108BC0003E0A2020202020203C2F696E743E0A207F
:108BD00020202020203C67726F7570207265706CB9
:108BE00069636174696F6E3D2736273E0A20202035
:108BF00020202020203C6E616D653E436F6E7375B2
:108C00006D6572733C2F6E616D653E0A20202020D9
:108C1000202020203C7265706E616D653E433C2FC4
:108C20007265706E616D653E0A2020202020202034
:108C3000203C737472696E672073697A653D2733CF
:108C400032273E3C6E616D653E4576656E74204E02
:108C5000616D653C2F6E616D653E3C2F737472696A
:108C60006E673E0A20202020202020203C6576656B
:108C70006E7469643E0A20202020202020202020BD
:108C80003C6E616D653E4576656E743C2F6E616D20
:108C9000653E0A202020202020202020203C6465E2
:108CA000736372697074696F6E3E5768656E207485
:108CB000686973206576656E7420697320636F6ED2
:108CC00073756D65642E2E2E3C2F64657363726917
:108CD0007074696F6E3E0A20202020202020203CE6
:108CE0002F6576656E7469643E0A2020202020205E
:108CF00020203C696E742073697A653D2731273ED8
:108D00000A202020202020202020203C6E616D653C
:108D10003E416374696F6E3C2F6E616D653E0A2043
:108D20002020202020202020203C6465736372696D
:108D30007074696F6E3E2E2E2E746865204F7574A8
:108D40007075742073746174652C20696620492FD6
:108D50004F2069732073657420746F206F75747071
:108D600075742C2077696C6C2062653A3C2F6465C1
:108D7000736372697074696F6E3E0A202020202030
:108D800020202020203C64656661756C743E303C78
:108D90002F64656661756C743E0A202020202020B7
:108DA000202020203C6D61703E0A202020202020C1
:108DB0002020202020203C72656C6174696F6E3E1B
:108DC0003C70726F70657274793E303C2F70726FB8
:108DD00070657274793E3C76616C75653E556E6364
:108DE00068616E6765643C2F76616C75653E3C2FEB
:108DF00072656C6174696F6E3E0A2020202020200D
:108E00002020202020203C72656C6174696F6E3ECA
:108E10003C70726F70657274793E333C2F70726F64
:108E200070657274793E3C76616C75653E4F6E3C40
:108E30002F76616C75653E3C2F72656C6174696F4D
:108E40006E3E0A2020202020202020202020203CB0
:108E500072656C6174696F6E3E3C70726F706572A2
:108E600074793E323C2F70726F70657274793E3C3B
:108E700076616C75653E4F66663C2F76616C7565F4
:108E80003E3C2F72656C6174696F6E3E0A20202033
:108E90002020202020202020203C72656C617469F5
:108EA0006F6E3E3C70726F70657274793E343C2F09
:108EB00070726F70657274793E3C76616C75653E58
:108EC000546F67676C65643C2F76616C75653E3CDA
:108ED0002F72656C6174696F6E3E0A20202020201D
:108EE00020202020203C2F6D61703E0A2020202071
:108EF000202020203C2F696E743E0A202020202054
:108F0000203C2F67726F75703E0A202020202020A1
:108F10003C67726F7570207265706C69636174690B
:108F20006F6E3D2736273E0A20202020202020205B
:108F30003C6E616D653E50726F6475636572733C23
:108F40002F6E616D653E0A20202020202020203CCD
:108F50007265706E616D653E503C2F7265706E611A
:108F60006D653E0A20202020202020203C73747252
:108F7000696E672073697A653D273332273E3C6E00
:108F8000616D653E4576656E74204E616D653C2F62
:108F90006E616D653E3C2F737472696E673E0A2088
:108FA000202020202020203C696E742073697A657F
:108FB0003D2731273E0A202020202020202020206D
:108FC0003C6E616D653E416374696F6E3C2F6E61EE
:108FD0006D653E0A202020202020202020203C6497
:108FE00065736372697074696F6E3E4F6E2074684A
:108FF000697320616374696F6E2E2E2E3C2F646539
:10900000736372697074696F6E3E0A20202020209D
:1090100020202020203C64656661756C743E303CE5
:109020002F64656661756C743E0A20202020202024
:10903000202020203C6D61703E0A2020202020202E
:109040002020202020203C72656C6174696F6E3E88
:109050003C70726F70657274793E303C2F70726F25
:1090600070657274793E3C76616C75653E4E6F6ECC
:109070006520286E6F206576656E742070726F644F
:1090800075636564293C2F76616C75653E3C2F7273
:10909000656C6174696F6E3E0A20202020202020BC
:1090A00020202020203C72656C6174696F6E3E3C0C
:1090B00070726F70657274793E363C2F70726F708B
:1090C000657274793E3C76616C75653E4F7574705F
:1090D0007574206F6E206576656E7420636F6E7395
:1090E000756D65643C2F76616C75653E3C2F7265CD
:1090F0006C6174696F6E3E0A2020202020202020A1
:10910000202020203C72656C6174696F6E3E3C705B
:10911000726F70657274793E353C2F70726F706536
:109120007274793E3C76616C75653E4F75747075EE
:1091300074206F6666206576656E7420636F6E734B
:10914000756D65643C2F76616C75653E3C2F72656C
:109150006C6174696F6E3E0A202020202020202040
:10916000202020203C72656C6174696F6E3E3C70FB
:10917000726F70657274793E33363C2F70726F7007
:10918000657274793E3C76616C75653E4F7574709E
:10919000757420746F67676C65206576656E7420E2
:1091A000636F6E73756D65643C2F76616C75653E9B
:1091B0003C2F72656C6174696F6E3E0A202020201E
:1091C00020202020202020203C72656C6174696F73
:1091D0006E3E3C70726F70657274793E32383C2F0F
:1091E00070726F70657274793E3C76616C75653E25
:1091F0004F7574707574206F6E206576656E74207F
:10920000636F6E73756D656420666F722063617342
:10921000636164653C2F76616C75653E3C2F7265B9
:109220006C6174696F6E3E0A20202020202020206F
:10923000202020203C72656C6174696F6E3E3C702A
:10924000726F70657274793E32373C2F70726F7036
:10925000657274793E3C76616C75653E4F757470CD
:109260007574206F6666206576656E7420636F6E18
:1092700073756D656420666F7220636173636164EA
:10928000653C2F76616C75653E3C2F72656C617430
:10929000696F6E3E0A2020202020202020202020E0
:1092A000203C72656C6174696F6E3E3C70726F70C9
:1092B000657274793E33353C2F70726F70657274CD
:1092C000793E3C76616C75653E4F7574707574209F
:1092D000746F67676C65206576656E7420636F6E6A
:1092E00073756D656420666F72206361736361647A
:1092F000653C2F76616C75653E3C2F72656C6174C0
:10930000696F6E3E0A20202020202020202020206F
:10931000203C72656C6174696F6E3E3C70726F7058
:10932000657274793E32363C2F70726F706572745C
:10933000793E3C76616C75653E4F7574707574202E
:109340006368616E676520746F206F6E3C2F766175
:109350006C75653E3C2F72656C6174696F6E3E0A78
:109360002020202020202020202020203C72656CFE
:109370006174696F6E3E3C70726F70657274793E95
:1093800032353C2F70726F70657274793E3C766135
:109390006C75653E4F7574707574206368616E6797
:1093A0006520746F206F66663C2F76616C75653E34
:1093B0003C2F72656C6174696F6E3E0A202020201C
:1093C00020202020202020203C72656C6174696F71
:1093D0006E3E3C70726F70657274793E383C2F70CF
:1093E000726F70657274793E3C76616C75653E494A
:1093F0006E707574206F6E2028696620492F4F208B
:10940000656E61626C656420617320696E7075744D
:10941000293C2F76616C75653E3C2F72656C6174DA
:10942000696F6E3E0A20202020202020202020204E
:10943000203C72656C6174696F6E3E3C70726F7037
:10944000657274793E373C2F70726F7065727479F3
:109450003E3C76616C75653E496E707574206F6632
:10946000662028696620492F4F20656E61626C6511
:109470006420617320696E707574293C2F76616C6D
:1094800075653E3C2F72656C6174696F6E3E0A2093
:1094900020202020202020202020203C72656C618C
:1094A00074696F6E3E3C70726F70657274793E3194
:1094B000393C2F70726F70657274793E3C76616CC6
:1094C00075653E536572766F206174206F66662005
:1094D000656E642028696620492F4F20656E6162A1
:1094E0006C656420617320736572766F293C2F76FA
:1094F000616C75653E3C2F72656C6174696F6E3E80
:109500000A2020202020202020202020203C7265BE
:109510006C6174696F6E3E3C70726F7065727479C5
:109520003E32303C2F70726F70657274793E3C76BB
:10953000616C75653E536572766F206C656176650A
:1095400073206F666620656E642028696620492F47
:109550004F20656E61626C65642061732073657273
:10956000766F293C2F76616C75653E3C2F72656C79
:109570006174696F6E3E0A20202020202020202068
:109580002020203C72656C6174696F6E3E3C707285
:109590006F70657274793E32313C2F70726F7065F6
:1095A0007274793E3C76616C75653E536572766F78
:1095B000206174206F6E20656E64202869662049E2
:1095C0002F4F20656E61626C656420617320736546
:1095D00072766F293C2F76616C75653E3C2F726503
:1095E0006C6174696F6E3E0A2020202020202020AC
:1095F000202020203C72656C6174696F6E3E3C7067
:10960000726F70657274793E32323C2F70726F7077
:10961000657274793E3C76616C75653E5365727611
:109620006F206C6561766573206F6E20656E6420B7
:1096300028696620492F4F20656E61626C65642041
:10964000617320736572766F293C2F76616C756546
:109650003E3C2F72656C6174696F6E3E0A2020205B
:109660002020202020202020203C72656C6174691D
:109670006F6E3E3C70726F70657274793E32333C2F
:109680002F70726F70657274793E3C76616C75658F
:109690003E536572766F206174206D69642D706F22
:1096A000696E7420696E206F6666206469726563F6
:1096B00074696F6E2028696620492F4F20656E619E
:1096C000626C656420617320736572766F293C2F2C
:1096D00076616C75653E3C2F72656C6174696F6E66
:1096E0003E0A2020202020202020202020203C7204
:1096F000656C6174696F6E3E3C70726F70657274F8
:10970000793E32343C2F70726F70657274793E3CD2
:1097100076616C75653E536572766F206174206D5D
:1097200069642D706F696E7420696E206F6E20649D
:109730006972656374696F6E2028696620492F4FCE
:1097400020656E61626C656420617320736572765A
:109750006F293C2F76616C75653E3C2F72656C619C
:1097600074696F6E3E0A20202020202020202020B7
:109770003C2F6D61703E0A20202020202020203CBC
:109780002F696E743E0A20202020202020203C6576
:1097900076656E7469643E0A2020202020202020F7
:1097A00020203C6E616D653E4576656E743C2F6E83
:1097B000616D653E0A202020202020202020203CB2
:1097C0006465736372697074696F6E3E2E2E2E74B9
:1097D000686973206576656E742077696C6C2062A9
:1097E000652070726F64756365643C2F6465736394
:1097F00072697074696F6E3E0A202020202020203C
:10980000203C2F6576656E7469643E0A2020202016
:1098100020203C2F67726F75703E0A202020203C6C
:109820002F67726F75703E0A20203C2F7365676D3D
:10983000656E743E0A0A20203C7365676D656E7420
:10984000206F726967696E3D27343337392720737B
:10985000706163653D27323533273E0A2020202082
:109860003C6E616D653E42616E6B2042203C2F6E06
:10987000616D653E0A202020203C64657363726937
:109880007074696F6E3E53657420492F4F20667562
:109890006E6374696F6E616C6974793C2F64657373
:1098A0006372697074696F6E3E0A202020203C69E3
:1098B0006E742073697A653D2731273E0A20202087
:1098C0002020203C6E616D653E42616E6B205479B4
:1098D00070653C2F6E616D653E0A2020202020209F
:1098E0003C64656661756C743E303C2F64656661EE
:1098F000756C743E0A2020202020203C6D61703E53
:109900000A20202020202020203C72656C61746990
:109910006F6E3E3C70726F70657274793E303C2F92
:1099200070726F70657274793E3C76616C75653EDD
:10993000496E7075742F4F75747075743C2F766115
:109940006C75653E3C2F72656C6174696F6E3E0A82
:1099500020202020202020203C72656C6174696FDB
:109960006E3E3C70726F70657274793E333C2F703E
:10997000726F70657274793E3C76616C75653E53AA
:109980006572766F20736574757020287573696EC3
:109990006720427574746F6E4C454420746573740F
:1099A00020626F617264293C2F76616C75653E3C64
:1099B0002F72656C6174696F6E3E0A202020202032
:1099C000203C2F6D61703E0A202020203C2F696EC4
:1099D000743E0A202020203C67726F7570207265EB
:1099E000706C69636174696F6E3D2738273E0A2089
:1099F00020202020203C6E616D653E4368616E6EC4
:109A0000656C2073657475703C2F6E616D653E0AE0
:109A10002020202020203C7265706E616D653E42E2
:109A20003C2F7265706E616D653E0A2020202020FB
:109A3000203C737472696E672073697A653D2733C1
:109A400032273E3C6E616D653E446573637269709A
:109A500074696F6E3C2F6E616D653E3C2F7374723E
:109A6000696E673E0A2020202020203C696E742009
:109A700073697A653D2731273E0A20202020202067
:109A800020203C6E616D653E46756E6374696F6E35
:109A90003C2F6E616D653E0A202020202020202072
:109AA0003C64656661756C743E313C2F646566612B
:109AB000756C743E0A20202020202020203C6D61FF
:109AC000703E0A202020202020202020203C72658B
:109AD0006C6174696F6E3E3C70726F706572747900
:109AE0003E303C2F70726F70657274793E3C7661C7
:109AF0006C75653E4E6F6E653C2F76616C75653E8C
:109B00003C2F72656C6174696F6E3E0A20202020C4
:109B10002020202020203C72656C6174696F6E3EAD
:109B20003C70726F70657274793E313C2F70726F49
:109B300070657274793E3C76616C75653E496E70F5
:109B400075743C2F76616C75653E3C2F72656C6157
:109B500074696F6E3E0A20202020202020202020C3
:109B60003C72656C6174696F6E3E3C70726F7065BB
:109B70007274793E323C2F70726F70657274793EE8
:109B80003C76616C75653E4F75747075743C2F76CC
:109B9000616C75653E3C2F72656C6174696F6E3ED9
:109BA0000A202020202020202020203C72656C618B
:109BB00074696F6E3E3C70726F70657274793E337B
:109BC0003C2F70726F70657274793E3C76616C7573
:109BD000653E427574746F6E2F4C4544202D204FA6
:109BE000757470757420776974682073616D706C1A
:109BF000656420696E7075743C2F76616C75653E86
:109C00003C2F72656C6174696F6E3E0A20202020C3
:109C10002020202020203C72656C6174696F6E3EAC
:109C20003C70726F70657274793E343C2F70726F45
:109C300070657274793E3C76616C75653E4F7574E3
:109C40007075742073696E676C652070756C7365D0
:109C50003C2F76616C75653E3C2F72656C61746952
:109C60006F6E3E0A202020202020202020203C72E1
:109C7000656C6174696F6E3E3C70726F7065727472
:109C8000793E353C2F70726F70657274793E3C7608
:109C9000616C75653E4F75747075742073696E677D
:109CA0006C652070756C73652C20726574726967C1
:109CB00067657261626C653C2F76616C75653E3CD0
:109CC0002F72656C6174696F6E3E0A20202020201F
:109CD00020202020203C72656C6174696F6E3E3CD0
:109CE00070726F70657274793E363C2F70726F704F
:109CF000657274793E3C76616C75653E4F75747023
:109D0000757420726570656174696E672070756C1A
:109D10007365733C2F76616C75653E3C2F72656C84
:109D20006174696F6E3E0A20202020202020203C94
:109D30002F6D61703E0A2020202020203C2F696E6C
:109D4000743E0A2020202020203C696E7420736914
:109D50007A653D2731273E0A202020202020202020
:109D60003C6E616D653E506F6C61726974793C2F19
:109D70006E616D653E0A20202020202020203C645A
:109D8000656661756C743E303C2F64656661756C08
:109D9000743E0A20202020202020203C6D61703E4F
:109DA0000A202020202020202020203C72656C6189
:109DB00074696F6E3E3C70726F70657274793E307C
:109DC0003C2F70726F70657274793E3C76616C7571
:109DD000653E4E6F726D616C3C2F76616C75653EB1
:109DE0003C2F72656C6174696F6E3E0A20202020E2
:109DF0002020202020203C72656C6174696F6E3ECB
:109E00003C70726F70657274793E313C2F70726F66
:109E100070657274793E3C76616C75653E496E760C
:109E200065727465643C2F76616C75653E3C2F727B
:109E3000656C6174696F6E3E0A202020202020200E
:109E4000203C2F6D61703E0A2020202020203C2FD6
:109E5000696E743E0A2020202020203C696E742008
:109E600073697A653D2732273E0A20202020202072
:109E700020203C6E616D653E4F7574707574204F87
:109E80006E20506572696F643C2F6E616D653E0A8D
:109E90002020202020203C2F696E743E0A202020A4
:109EA0002020203C696E742073697A653D27322733
:109EB0003E0A20202020202020203C6E616D653E3F
:109EC0004F7574707574204F666620506572696FA7
:109ED000643C2F6E616D653E0A2020202020203CCE
:109EE0002F696E743E0A2020202020203C696E7469
:109EF0002073697A653D2731273E0A2020202020E3
:109F00002020203C6E616D653E556E6974733C2F58
:109F10006E616D653E0A20202020202020203C64B8
:109F2000656661756C743E303C2F64656661756C66
:109F3000743E0A20202020202020203C6D61703EAD
:109F40000A202020202020202020203C72656C61E7
:109F500074696F6E3E3C70726F70657274793E30DA
:109F60003C2F70726F70657274793E3C76616C75CF
:109F7000653E4D696C6C697365636F6E6473202810
:109F80006D73293C2F76616C75653E3C2F72656C54
:109F90006174696F6E3E0A2020202020202020203E
:109FA000203C72656C6174696F6E3E3C70726F70BC
:109FB000657274793E313C2F70726F70657274797E
:109FC0003E3C76616C75653E5365636F6E647320CD
:109FD0002873293C2F76616C75653E3C2F72656C49
:109FE0006174696F6E3E0A202020202020202020EE
:109FF000203C72656C6174696F6E3E3C70726F706C
:10A00000657274793E323C2F70726F70657274792C
:10A010003E3C76616C75653E4D696E757465732066
:10A020002873293C2F76616C75653E3C2F72656CF8
:10A030006174696F6E3E0A20202020202020203C81
:10A040002F6D61703E0A2020202020203C2F696E59
:10A05000743E0A2020202020203C67726F757020FB
:10A060007265706C69636174696F6E3D2736273E57
:10A070000A20202020202020203C6E616D653E4378
:10A080006F6E73756D6572733C2F6E616D653E0A00
:10A0900020202020202020203C7265706E616D659C
:10A0A0003E433C2F7265706E616D653E0A20202034
:10A0B00020202020203C737472696E672073697AB7
:10A0C000653D273332273E3C6E616D653E457665C2
:10A0D0006E74204E616D653C2F6E616D653E3C2F48
:10A0E000737472696E673E0A202020202020202091
:10A0F0003C6576656E7469643E0A2020202020202D
:10A10000202020203C6E616D653E4576656E743C76
:10A110002F6E616D653E0A20202020202020202007
:10A12000203C6465736372697074696F6E3E576832
:10A13000656E2074686973206576656E7420697336
:10A1400020636F6E73756D65642E2E2E3C2F6465D3
:10A15000736372697074696F6E3E0A20202020203C
:10A160002020203C2F6576656E7469643E0A2020AD
:10A170002020202020203C696E742073697A653D80
:10A180002731273E0A202020202020202020203C8C
:10A190006E616D653E416374696F6E3C2F6E616DDB
:10A1A000653E0A202020202020202020203C6465BD
:10A1B000736372697074696F6E3E2E2E2E746865BB
:10A1C00020746865204F75747075742073746174A1
:10A1D000652C20696620492F4F20697320736574B0
:10A1E00020746F206F75747075742C2077696C6C97
:10A1F0002062653A3C2F6465736372697074696F9D
:10A200006E3E0A202020202020202020203C646553
:10A210006661756C743E303C2F64656661756C7464
:10A220003E0A202020202020202020203C6D61702C
:10A230003E0A2020202020202020202020203C72A8
:10A24000656C6174696F6E3E3C70726F706572749C
:10A25000793E303C2F70726F70657274793E3C7637
:10A26000616C75653E556E6368616E6765643C2F11
:10A2700076616C75653E3C2F72656C6174696F6EBA
:10A280003E0A2020202020202020202020203C7258
:10A29000656C6174696F6E3E3C70726F706572744C
:10A2A000793E333C2F70726F70657274793E3C76E4
:10A2B000616C75653E4F6E3C2F76616C75653E3CFA
:10A2C0002F72656C6174696F6E3E0A202020202019
:10A2D000202020202020203C72656C6174696F6E04
:10A2E0003E3C70726F70657274793E323C2F7072B2
:10A2F0006F70657274793E3C76616C75653E4F6631
:10A30000663C2F76616C75653E3C2F72656C61749E
:10A31000696F6E3E0A20202020202020202020204F
:10A32000203C72656C6174696F6E3E3C70726F7038
:10A33000657274793E343C2F70726F7065727479F7
:10A340003E3C76616C75653E546F67676C65643C36
:10A350002F76616C75653E3C2F72656C6174696F18
:10A360006E3E0A202020202020202020203C2F6D1F
:10A3700061703E0A20202020202020203C2F696E82
:10A38000743E0A2020202020203C2F67726F7570B9
:10A390003E0A2020202020203C67726F75702072BA
:10A3A00065706C69636174696F6E3D2736273E0A7C
:10A3B00020202020202020203C6E616D653E5072C0
:10A3C0006F6475636572733C2F6E616D653E0A2024
:10A3D000202020202020203C7265706E616D653E3B
:10A3E000503C2F7265706E616D653E0A2020202002
:10A3F000202020203C737472696E672073697A652F
:10A400003D273332273E3C6E616D653E4576656E75
:10A4100074204E616D653C2F6E616D653E3C2F73FF
:10A420007472696E673E0A20202020202020203C84
:10A43000696E742073697A653D2731273E0A2020B2
:10A4400020202020202020203C6E616D653E41634D
:10A4500074696F6E3C2F6E616D653E0A202020206E
:10A460002020202020203C64657363726970746929
:10A470006F6E3E4F6E207468697320616374696FFC
:10A480006E2E2E2E3C2F6465736372697074696F33
:10A490006E3E0A202020202020202020203C6465C1
:10A4A0006661756C743E303C2F64656661756C74D2
:10A4B0003E0A202020202020202020203C6D61709A
:10A4C0003E0A2020202020202020202020203C7216
:10A4D000656C6174696F6E3E3C70726F706572740A
:10A4E000793E303C2F70726F70657274793E3C76A5
:10A4F000616C75653E4E6F6E6520286E6F206576C7
:10A50000656E742070726F6475636564293C2F7684
:10A51000616C75653E3C2F72656C6174696F6E3E4F
:10A520000A2020202020202020202020203C72658E
:10A530006C6174696F6E3E3C70726F706572747995
:10A540003E363C2F70726F70657274793E3C766156
:10A550006C75653E4F7574707574206F6E206576EE
:10A56000656E7420636F6E73756D65643C2F7661E4
:10A570006C75653E3C2F72656C6174696F6E3E0A46
:10A580002020202020202020202020203C72656CCC
:10A590006174696F6E3E3C70726F70657274793E63
:10A5A000353C2F70726F70657274793E3C76616CC9
:10A5B00075653E4F7574707574206F66662065769C
:10A5C000656E7420636F6E73756D65643C2F766184
:10A5D0006C75653E3C2F72656C6174696F6E3E0AE6
:10A5E0002020202020202020202020203C72656C6C
:10A5F0006174696F6E3E3C70726F70657274793E03
:10A6000033363C2F70726F70657274793E3C7661A0
:10A610006C75653E4F757470757420746F67676CE8
:10A6200065206576656E7420636F6E73756D656405
:10A630003C2F76616C75653E3C2F72656C61746968
:10A640006F6E3E0A20202020202020202020202065
:10A650003C72656C6174696F6E3E3C70726F7065C0
:10A660007274793E32383C2F70726F7065727479F3
:10A670003E3C76616C75653E4F7574707574206FE5
:10A680006E206576656E7420636F6E73756D65649C
:10A6900020666F7220636173636164653C2F76612D
:10A6A0006C75653E3C2F72656C6174696F6E3E0A15
:10A6B0002020202020202020202020203C72656C9B
:10A6C0006174696F6E3E3C70726F70657274793E32
:10A6D00032373C2F70726F70657274793E3C7661D0
:10A6E0006C75653E4F7574707574206F6666206575
:10A6F00076656E7420636F6E73756D656420666F2A
:10A700007220636173636164653C2F76616C75656B
:10A710003E3C2F72656C6174696F6E3E0A2020208A
:10A720002020202020202020203C72656C6174694C
:10A730006F6E3E3C70726F70657274793E33353C5B
:10A740002F70726F70657274793E3C76616C7565BE
:10A750003E4F757470757420746F67676C65206503
:10A7600076656E7420636F6E73756D656420666FB9
:10A770007220636173636164653C2F76616C7565FB
:10A780003E3C2F72656C6174696F6E3E0A2020201A
:10A790002020202020202020203C72656C617469DC
:10A7A0006F6E3E3C70726F70657274793E32363CEB
:10A7B0002F70726F70657274793E3C76616C75654E
:10A7C0003E4F7574707574206368616E67652074A0
:10A7D0006F206F6E3C2F76616C75653E3C2F726505
:10A7E0006C6174696F6E3E0A20202020202020209A
:10A7F000202020203C72656C6174696F6E3E3C7055
:10A80000726F70657274793E32353C2F70726F7062
:10A81000657274793E3C76616C75653E4F757470F7
:10A820007574206368616E676520746F206F66665B
:10A830003C2F76616C75653E3C2F72656C61746966
:10A840006F6E3E0A20202020202020202020202063
:10A850003C72656C6174696F6E3E3C70726F7065BE
:10A860007274793E383C2F70726F70657274793EE5
:10A870003C76616C75653E496E707574206F6E2014
:10A8800028696620492F4F20656E61626C656420DF
:10A89000617320696E707574293C2F76616C7565E3
:10A8A0003E3C2F72656C6174696F6E3E0A202020F9
:10A8B0002020202020202020203C72656C617469BB
:10A8C0006F6E3E3C70726F70657274793E373C2FCC
:10A8D00070726F70657274793E3C76616C75653E1E
:10A8E000496E707574206F66662028696620492F4E
:10A8F0004F20656E61626C656420617320696E70C3
:10A900007574293C2F76616C75653E3C2F72656CC1
:10A910006174696F6E3E0A202020202020202020B4
:10A92000203C2F6D61703E0A202020202020202016
:10A930003C2F696E743E0A20202020202020203CDD
:10A940006576656E7469643E0A20202020202020F0
:10A950002020203C6E616D653E4576656E743C2F0F
:10A960006E616D653E0A20202020202020202020BE
:10A970003C6465736372697074696F6E3E2E2E2E2F
:10A9800074686973206576656E742077696C6C20D5
:10A9900062652070726F64756365643C2F646573D3
:10A9A0006372697074696F6E3E0A20202020202037
:10A9B00020203C2F6576656E7469643E0A20202055
:10A9C0002020203C2F67726F75703E0A20202020C7
:10A9D0003C2F67726F75703E0A20203C2F736567AD
:10A9E0006D656E743E0A0A20203C7365676D656E66
:10A9F00074206F726967696E3D27383632382720B8
:10AA000073706163653D27323533273E0A2020206D
:10AA1000203C6E616D653E536572766F206F6E20CF
:10AA200062616E6B20413C2F6E616D653E0A202095
:10AA300020203C6465736372697074696F6E3E5761
:10AA400068656E2042616E6B2041206973207365DA
:10AA500074757020666F7220736572766F20636FF5
:10AA60006E74726F6C2C20746865736520736574E6
:10AA700074696E677320636F6E74726F6C20746894
:10AA80006520736572766F206F7065726174696F8F
:10AA90006E203C2F6465736372697074696F6E3EDB
:10AAA0000A202020203C67726F7570207265706CE0
:10AAB00069636174696F6E3D2738273E0A20202044
:10AAC0002020203C6E616D653E536572766F207369
:10AAD000657474696E67733C2F6E616D653E0A2004
:10AAE00020202020203C6465736372697074696F54
:10AAF0006E3E53657420536572766F20706F736974
:10AB000074696F6E732C2073706565642C20657496
:10AB1000633C2F6465736372697074696F6E3E0A7B
:10AB20002020202020203C7265706E616D653E53B0
:10AB30003C2F7265706E616D653E0A2020202020DA
:10AB4000203C696E742073697A653D2731273E0A7F
:10AB500020202020202020203C6E616D653E4F6625
:10AB60006620706F736974696F6E3C2F6E616D65DE
:10AB70003E0A20202020202020203C646573637240
:10AB8000697074696F6E3E3020286D696E2C2031BB
:10AB9000206D7329202D2032353020286D61782CCE
:10ABA0002032206D73293C2F646573637269707461
:10ABB000696F6E3E0A20202020202020203C6D69F5
:10ABC0006E3E303C2F6D696E3E0A202020202020F2
:10ABD00020203C6D61783E3235303C2F6D61783EEF
:10ABE0000A20202020202020203C64656661756CAE
:10ABF000743E3132353C2F64656661756C743E0A73
:10AC000020202020202020203C68696E74733E0A9A
:10AC1000202020202020202020203C736C696465A7
:10AC200072206469766973696F6E733D27352720DA
:10AC3000696D6D6564696174653D27796573272F5A
:10AC40003E0A20202020202020203C2F68696E749E
:10AC5000733E0A2020202020203C2F696E743E0A7B
:10AC60002020202020203C696E742073697A653D85
:10AC70002731273E0A20202020202020203C6E6102
:10AC80006D653E4F6E20706F736974696F6E3C2FF7
:10AC90006E616D653E0A20202020202020203C642B
:10ACA00065736372697074696F6E3E3020286D69D8
:10ACB0006E696D756D2031206D732070756C7365D4
:10ACC00029202D2032353020286D6178696D756D11
:10ACD0002032206D732070756C7365293C2F64657C
:10ACE000736372697074696F6E3E0A2020202020A1
:10ACF0002020203C6D696E3E303C2F6D696E3E0A0F
:10AD000020202020202020203C6D61783E323530EC
:10AD10003C2F6D61783E0A20202020202020203CFE
:10AD200064656661756C743E3132353C2F646566CE
:10AD300061756C743E0A20202020202020203C6871
:10AD4000696E74733E0A20202020202020202020BD
:10AD50003C736C69646572206469766973696F6EAF
:10AD6000733D27352720696D6D6564696174653DA4
:10AD700027796573272F3E0A2020202020202020BD
:10AD80003C2F68696E74733E0A2020202020203CEE
:10AD90002F696E743E0A2020202020203C696E74AA
:10ADA0002073697A653D2731273E0A202020202024
:10ADB0002020203C6E616D653E4F66662073706595
:10ADC00065643C2F6E616D653E0A202020202020A6
:10ADD00020203C6465736372697074696F6E3E53C2
:10ADE00070656564206F66206D6F76656D656E7445
:10ADF00020746F7761726473206F666620706F7362
:10AE00006974696F6E2C20312028736C6F776573BD
:10AE10007429202D20372028666173746573742986
:10AE20003C2F6465736372697074696F6E3E0A20AB
:10AE3000202020202020203C6D696E3E313C2F6D6B
:10AE4000696E3E0A20202020202020203C6D617861
:10AE50003E373C2F6D61783E0A20202020202020A4
:10AE6000203C64656661756C743E343C2F64656695
:10AE700061756C743E0A2020202020203C2F696ED2
:10AE8000743E0A2020202020203C696E74207369C3
:10AE90007A653D2731273E0A2020202020202020CF
:10AEA0003C6E616D653E4F6E2073706565643C2F2E
:10AEB0006E616D653E0A20202020202020203C6409
:10AEC00065736372697074696F6E3E537065656413
:10AED000206F66206D6F76656D656E7420746F7778
:10AEE00061726473206F6E20706F736974696F6E26
:10AEF0002C20312028736C6F7765737429202D20E6
:10AF000037202866617374657374293C2F646573F8
:10AF10006372697074696F6E3E0A202020202020C1
:10AF200020203C6D696E3E313C2F6D696E3E0A20DB
:10AF3000202020202020203C6D61783E373C2F6D62
:10AF400061783E0A20202020202020203C64656675
:10AF500061756C743E343C2F64656661756C743E3B
:10AF60000A2020202020203C2F696E743E0A2020D9
:10AF7000202020203C696E742073697A653D27315A
:10AF8000273E0A20202020202020203C6E616D6575
:10AF90003E5374617274757020416374696F6E3CC6
:10AFA0002F6E616D653E0A20202020202020203C4D
:10AFB0006465736372697074696F6E3E536572760F
:10AFC0006F20616374696F6E2061742073746172A5
:10AFD0007475703C2F6465736372697074696F6E09
:10AFE0003E0A20202020202020203C6465666175D8
:10AFF0006C743E303C2F64656661756C743E0A204B
:10B00000202020202020203C6D61703E0A2020203E
:10B01000202020202020203C72656C6174696F6EB6
:10B020003E3C70726F70657274793E303C2F707266
:10B030006F70657274793E3C76616C75653E4E6FDB
:10B040006E653C2F76616C75653E3C2F72656C6158
:10B0500074696F6E3E0A20202020202020202020AE
:10B060003C72656C6174696F6E3E3C70726F7065A6
:10B070007274793E313C2F70726F70657274793ED4
:10B080003C76616C75653E4D6F766520746F206C03
:10B0900061737420706F736974696F6E3C2F766191
:10B0A0006C75653E3C2F72656C6174696F6E3E0A0B
:10B0B000202020202020202020203C72656C6174FC
:10B0C000696F6E3E3C70726F70657274793E323C8F
:10B0D0002F70726F70657274793E3C76616C756525
:10B0E0003E4D6F766520746F206F666620706F73BB
:10B0F0006974696F6E3C2F76616C75653E3C2F728A
:10B10000656C6174696F6E3E0A202020202020202B
:10B110002020203C72656C6174696F6E3E3C7072D9
:10B120006F70657274793E333C2F70726F70657208
:10B1300074793E3C76616C75653E4D6F7665207422
:10B140006F206F6E20706F736974696F6E3C2F761D
:10B15000616C75653E3C2F72656C6174696F6E3E03
:10B160000A20202020202020203C2F6D61703E0AE4
:10B170002020202020203C2F696E743E0A202020B1
:10B180002020203C696E742073697A653D27312741
:10B190003E0A20202020202020203C6E616D653E4C
:10B1A0004D756C7469706C6520536572766F2043C1
:10B1B0006F6E74726F6C3C2F6E616D653E0A20205D
:10B1C0002020202020203C646573637269707469BC
:10B1D0006F6E3E4D756C7469706C65205365727648
:10B1E0006F732063616E206D6F766520746F676585
:10B1F00074686572206F722073657175656E74690D
:10B20000616C6C7920287265636F6D6D656E646525
:10B21000642C20746F2072656475636520706F778D
:10B220006572292E3C2F6465736372697074696F4F
:10B230006E3E0A20202020202020203C646566618C
:10B24000756C743E313C2F64656661756C743E0AA2
:10B2500020202020202020203C6D61703E0A2020EC
:10B2600020202020202020203C72656C6174696FB2
:10B270006E3E3C70726F70657274793E303C2F7018
:10B28000726F70657274793E3C76616C75653E4D87
:10B290006F766520746F6765746865723C2F7661A0
:10B2A0006C75653E3C2F72656C6174696F6E3E0A09
:10B2B000202020202020202020203C72656C6174FA
:10B2C000696F6E3E3C70726F70657274793E313C8E
:10B2D0002F70726F70657274793E3C76616C756523
:10B2E0003E4D6F76652073657175656E7469616C2E
:10B2F0006C793C2F76616C75653E3C2F72656C6194
:10B3000074696F6E3E0A20202020202020203C2FD0
:10B310006D61703E0A2020202020203C2F696E7431
:10B320003E0A2020202020203C696E742073697A18
:10B33000653D2731273E0A20202020202020203C68
:10B340006E616D653E536572766F20706F776572C2
:10B350002D646F776E3C2F6E616D653E0A20202054
:10B3600020202020203C6465736372697074696FCB
:10B370006E3E4166746572206D6F76696E672073EC
:10B380006F6D6520736572766F732063616E2062E6
:10B390006520706F776572656420646F776E202812
:10B3A0007265636F6D6D656E64656420746F207285
:10B3B000656475636520706F776572292E0A0A20AF
:10B3C000446F6573206E6F74206170706C792074A7
:10B3D0006F206469676974616C20736572766F733E
:10B3E0002E3C2F6465736372697074696F6E3E0AD8
:10B3F00020202020202020203C64656661756C742C
:10B400003E313C2F64656661756C743E0A202020D5
:10B4100020202020203C6D61703E0A20202020202A
:10B4200020202020203C72656C6174696F6E3E3C68
:10B4300070726F70657274793E313C2F70726F70EC
:10B44000657274793E3C76616C75653E53657276C3
:10B450006F7320706F7765722D646F776E2028721E
:10B4600065636F6D6D656E646564293C2F76616CF4
:10B4700075653E3C2F72656C6174696F6E3E0A2083
:10B480002020202020202020203C72656C617469DF
:10B490006F6E3E3C70726F70657274793E303C2FF7
:10B4A00070726F70657274793E3C76616C75653E42
:10B4B000536572766F2072656D61696E2061637489
:10B4C0006976653C2F76616C75653E3C2F72656CC4
:10B4D0006174696F6E3E0A20202020202020203CCD
:10B4E0002F6D61703E0A2020202020203C2F696EA5
:10B4F000743E0A202020203C2F67726F75703E0A30
:10B5000020203C2F7365676D656E743E0A0A20200B
:10B510003C7365676D656E74206F726967696E3D17
:10B520002738363834272073706163653D273235FC
:10B5300033273E0A202020203C6E616D653E427517
:10B5400074746F6E733C2F6E616D653E0A2020200F
:10B55000203C67726F7570207265706C69636174EE
:10B56000696F6E3D2732273E0A2020202020203C94
:10B570006E616D653E43686F6F7365206576656EBD
:10B5800074732070726F6475636564206279204201
:10B590006C75652F476F6C6420627574746F6E7381
:10B5A0003C2F6E616D653E0A2020202020203C72D9
:10B5B00065706E616D653E423C2F7265706E616DA7
:10B5C000653E0A2020202020203C737472696E673B
:10B5D0002073697A653D273332273E3C6E616D6585
:10B5E0003E427574746F6E204E616D653C2F6E61C6
:10B5F0006D653E3C2F737472696E673E0A20202091
:10B600002020203C67726F7570207265706C6963D2
:10B610006174696F6E3D2732273E0A20202020206A
:10B620002020203C6E616D653E427574746F6E2003
:10B630004576656E74733C2F6E616D653E0A202001
:10B640002020202020203C7265706E616D653E5088
:10B650003C2F7265706E616D653E0A2020202020AF
:10B660002020203C737472696E672073697A653D8F
:10B67000273332273E3C6E616D653E4576656E74BC
:10B68000204E616D653C2F6E616D653E3C2F73747D
:10B6900072696E673E0A20202020202020203C690D
:10B6A0006E742073697A653D2731273E0A20202079
:10B6B000202020202020203C6E616D653E41637477
:10B6C000696F6E3C2F6E616D653E0A202020202040
:10B6D00020202020203C6465736372697074696F58
:10B6E0006E3E4F6E207468697320616374696F6E7B
:10B6F0002E2E2E3C2F6465736372697074696F6EB1
:10B700003E0A202020202020202020203C64656646
:10B7100061756C743E303C2F64656661756C743E77
:10B720000A202020202020202020203C6D61703E17
:10B730000A2020202020202020202020203C72656C
:10B740006C6174696F6E3E3C70726F706572747973
:10B750003E303C2F70726F70657274793E3C76613A
:10B760006C75653E4E6F6E6520286E6F2065766540
:10B770006E742070726F6475636564293C2F766106
:10B780006C75653E3C2F72656C6174696F6E3E0A24
:10B790002020202020202020202020203C72656CAA
:10B7A0006174696F6E3E3C70726F70657274793E41
:10B7B000393C2F70726F70657274793E3C76616CA3
:10B7C00075653E427574746F6E20646F776E3C2FA2
:10B7D00076616C75653E3C2F72656C6174696F6E45
:10B7E0003E0A2020202020202020202020203C72E3
:10B7F000656C6174696F6E3E3C70726F70657274D7
:10B80000793E31303C2F70726F70657274793E3CB6
:10B8100076616C75653E427574746F6E2075703C10
:10B820002F76616C75653E3C2F72656C6174696F33
:10B830006E3E0A202020202020202020203C2F6D3A
:10B8400061703E0A20202020202020203C2F696E9D
:10B85000743E0A20202020202020203C6576656E42
:10B860007469643E0A202020202020202020203CD3
:10B870006E616D653E4576656E743C2F6E616D65DB
:10B880003E0A202020202020202020203C646573B8
:10B890006372697074696F6E3E2E2E2E74686973C0
:10B8A000206576656E742077696C6C206265207007
:10B8B000726F64756365643C2F646573637269704D
:10B8C00074696F6E3E0A20202020202020203C2F0B
:10B8D0006576656E7469643E0A2020202020203C35
:10B8E0002F67726F75703E0A202020203C2F6772F0
:10B8F0006F75703E0A20203C2F7365676D656E740E
:10B900003E0A0A20203C7365676D656E74206F7275
:10B910006967696E3D27383931322720737061635A
:10B92000653D27323533273E0A202020203C6E61BA
:10B930006D653E4C454420436F6E66696775726164
:10B9400074696F6E3C2F6E616D653E0A2020202069
:10B950003C67726F7570207265706C6963617469A1
:10B960006F6E3D2732273E0A2020202020203C6E8B
:10B97000616D653E53657474696E67733C2F6E61CB
:10B980006D653E0A2020202020203C646573637290
:10B99000697074696F6E3E436F6E66696775726534
:10B9A000204C45447320746F20726573706F6E6411
:10B9B00020746F206576656E7473206F7220696ED7
:10B9C000646963617465206E6574776F726B207350
:10B9D00074617475730A2020202020203C2F646538
:10B9E000736372697074696F6E3E0A202020202094
:10B9F000203C7265706E616D653E4C45443C2F7213
:10BA000065706E616D653E0A2020202020203C7309
:10BA10007472696E672073697A653D273332273EF9
:10BA20003C6E616D653E4C4544204E616D653C2F1A
:10BA30006E616D653E3C2F737472696E673E0A20BD
:10BA400020202020203C67726F7570207265706C1A
:10BA500069636174696F6E3D2734273E0A20202098
:10BA600020202020203C6E616D653E4C45442045E1
:10BA700076656E74733C2F6E616D653E0A202020E2
:10BA800020202020203C7265706E616D653E433C35
:10BA90002F7265706E616D653E0A20202020202087
:10BAA00020203C737472696E672073697A653D2744
:10BAB0003332273E3C6E616D653E4576656E74207F
:10BAC0004E616D653C2F6E616D653E3C2F737472E7
:10BAD000696E673E0A20202020202020203C6576C9
:10BAE000656E7469643E0A202020202020202020DA
:10BAF000203C6E616D653E4576656E743C2F6E61CF
:10BB00006D653E0A202020202020202020203C643B
:10BB100065736372697074696F6E3E5370656369B3
:10BB2000667920746865206576656E742074686136
:10BB30007420287768656E20636F6E73756D656419
:10BB4000292077696C6C2063617573652074686562
:10BB5000204C454420616374696F6E3C2F646573AB
:10BB60006372697074696F6E3E0A20202020202065
:10BB700020203C2F6576656E7469643E0A20202083
:10BB800020202020203C696E742073697A653D274F
:10BB900031273E0A202020202020202020203C6E1B
:10BBA000616D653E416374696F6E3C2F6E616D65BA
:10BBB0003E0A202020202020202020203C64657385
:10BBC0006372697074696F6E3E53656C656374204F
:10BBD000746865204C454420616374696F6E2074FD
:10BBE0006F20626520706572666F726D6564206992
:10BBF0006E20726573706F6E736520746F206120A4
:10BC0000636F6E73756D6564206576656E742C0A5E
:10BC1000206F7220746865206E6574776F726B2078
:10BC20006F72206D6F64756C6520737461747573C9
:10BC300020746F20626520646973706C617965643B
:10BC400020627920746865204C45443A3C2F646535
:10BC5000736372697074696F6E3E0A202020202021
:10BC600020202020203C64656661756C743E303C69
:10BC70002F64656661756C743E0A202020202020A8
:10BC8000202020203C6D61703E0A202020202020B2
:10BC90002020202020203C72656C6174696F6E3E0C
:10BCA0003C70726F70657274793E303C2F70726FA9
:10BCB00070657274793E3C76616C75653E4E6F209E
:10BCC000416374696F6E3C2F76616C75653E3C2FE5
:10BCD00072656C6174696F6E3E0A202020202020FE
:10BCE0002020202020203C72656C6174696F6E3EBC
:10BCF0003C70726F70657274793E31313C2F707296
:10BD00006F70657274793E3C76616C75653E5475F2
:10BD1000726E204C4544206F6E2069662065766502
:10BD20006E7420636F6E73756D65643C2F76616C05
:10BD300075653E3C2F72656C6174696F6E3E0A20BA
:10BD400020202020202020202020203C72656C61B3
:10BD500074696F6E3E3C70726F70657274793E31BB
:10BD6000323C2F70726F70657274793E3C76616CF4
:10BD700075653E5475726E204C4544206F66662092
:10BD80006966206576656E7420636F6E73756D6588
:10BD9000643C2F76616C75653E3C2F72656C6174F6
:10BDA000696F6E3E0A2020202020202020202020A5
:10BDB000203C72656C6174696F6E3E3C70726F708E
:10BDC000657274793E31333C2F70726F7065727496
:10BDD000793E3C76616C75653E546F67676C652093
:10BDE0004C4544206966206576656E7420636F6EED
:10BDF00073756D65643C2F76616C75653E3C2F7282
:10BE0000656C6174696F6E3E0A202020202020201E
:10BE100020202020203C72656C6174696F6E3E3C6E
:10BE200070726F70657274793E31353C2F70726F2D
:10BE300070657274793E3C76616C75653E53686FCF
:10BE400077204C4343207061636B65742072656397
:10BE5000657074696F6E3C2F76616C75653E3C2F22
:10BE600072656C6174696F6E3E0A2020202020206C
:10BE70002020202020203C72656C6174696F6E3E2A
:10BE80003C70726F70657274793E31363C2F7072FF
:10BE90006F70657274793E3C76616C75653E53686F
:10BEA0006F77204C4343207061636B65742074721C
:10BEB000616E736D697373696F6E3C2F76616C751B
:10BEC000653E3C2F72656C6174696F6E3E0A20207E
:10BED000202020202020202020203C72656C6174CE
:10BEE000696F6E3E3C70726F70657274793E313767
:10BEF0003C2F70726F70657274793E3C76616C7520
:10BF0000653E53686F7720636F6D62696E6564206C
:10BF10004C434320726563657074696F6E2F747251
:10BF2000616E736D697373696F6E3C2F76616C75AA
:10BF3000653E3C2F72656C6174696F6E3E0A20200D
:10BF4000202020202020202020203C72656C61745D
:10BF5000696F6E3E3C70726F70657274793E3337F4
:10BF60003C2F70726F70657274793E3C76616C75AF
:10BF7000653E53686F77207061636B6574732068EA
:10BF8000616E646C65642062792074686973206EE8
:10BF90006F64653C2F76616C75653E3C2F72656CF5
:10BFA0006174696F6E3E0A2020202020202020200E
:10BFB0002020203C72656C6174696F6E3E3C70722B
:10BFC0006F70657274793E31383C2F70726F706596
:10BFD0007274793E3C76616C75653E496E64696346
:10BFE000617465206661756C7420696E2074686583
:10BFF000206D6F64756C653C2F76616C75653E3C99
:10C000002F72656C6174696F6E3E0A2020202020BB
:10C0100020202020203C2F6D61703E0A202020200F
:10C02000202020203C2F696E743E0A2020202020F2
:10C03000203C2F67726F75703E0A20202020202040
:10C040003C696E742073697A653D2731273E0A206A
:10C05000202020202020203C6E616D653E4C454410
:10C06000205061747465726E3C2F6E616D653E0A7E
:10C0700020202020202020203C646573637269709A
:10C0800074696F6E3E53656C6563742074686520D7
:10C090004C454420626C696E6B20706174746572EB
:10C0A0006E2C20726570656174696E6720617070B6
:10C0B000782E206576657279203220733C2F646576
:10C0C000736372697074696F6E3E0A2020202020AD
:10C0D0002020203C64656661756C743E313C2F64A1
:10C0E000656661756C743E0A202020202020202087
:10C0F0003C6D61703E0A202020202020202020203E
:10C100003C72656C6174696F6E3E3C70726F7065F5
:10C110007274793E313C2F70726F70657274793E23
:10C120003C76616C75653E4C4544206F6E3C2F76C5
:10C13000616C75653E3C2F72656C6174696F6E3E13
:10C140000A202020202020202020203C72656C61C5
:10C1500074696F6E3E3C70726F70657274793E32B6
:10C160003C2F70726F70657274793E3C76616C75AD
:10C17000653E4C4544206F66663C2F76616C756564
:10C180003E3C2F72656C6174696F6E3E0A20202000
:10C19000202020202020203C72656C6174696F6E25
:10C1A0003E3C70726F70657274793E333C2F7072D2
:10C1B0006F70657274793E3C76616C75653E4F6652
:10C1C0006620776974682053686F7274202836344B
:10C1D000206D732920626C696E6B206F6E3C2F7628
:10C1E000616C75653E3C2F72656C6174696F6E3E63
:10C1F0000A202020202020202020203C72656C6115
:10C2000074696F6E3E3C70726F70657274793E3403
:10C210003C2F70726F70657274793E3C76616C75FC
:10C22000653E4F66662077697468204C6F6E6720A4
:10C2300028353132206D732920626C696E6B206F56
:10C240006E3C2F76616C75653E3C2F72656C617437
:10C25000696F6E3E0A202020202020202020203CD4
:10C2600072656C6174696F6E3E3C70726F7065725E
:10C2700074793E353C2F70726F70657274793E3CF4
:10C2800076616C75653E457175616C206F6E2F6FC0
:10C2900066663C2F76616C75653E3C2F72656C61FD
:10C2A00074696F6E3E0A202020202020202020204C
:10C2B0003C72656C6174696F6E3E3C70726F706544
:10C2C0007274793E363C2F70726F70657274793E6D
:10C2D0003C76616C75653E457175616C206F6E2FA3
:10C2E0006F66662C206661737465723C2F76616C94
:10C2F00075653E3C2F72656C6174696F6E3E0A20F5
:10C300002020202020202020203C72656C61746950
:10C310006F6E3E3C70726F70657274793E373C2F61
:10C3200070726F70657274793E3C76616C75653EB3
:10C330004F6E20776974682053686F7274202836B6
:10C3400034206D732920626C696E6B206F66663CC9
:10C350002F76616C75653E3C2F72656C6174696FF8
:10C360006E3E0A202020202020202020203C7265C4
:10C370006C6174696F6E3E3C70726F706572747937
:10C380003E383C2F70726F70657274793E3C7661F6
:10C390006C75653E4F6E2077697468204C6F6E67D0
:10C3A0002028353132206D732920626C696E6B2034
:10C3B0006F66663C2F76616C75653E3C2F72656CCE
:10C3C0006174696F6E3E0A202020202020202020EA
:10C3D000203C72656C6174696F6E3E3C70726F7068
:10C3E000657274793E303C2F70726F70657274792B
:10C3F0003E3C76616C75653E55736520637573745C
:10C400006F6D207061747465726E3C2F76616C750F
:10C41000653E3C2F72656C6174696F6E3E0A202028
:10C420002020202020203C2F6D61703E0A202020FB
:10C430002020203C2F696E743E0A202020203C2FB3
:10C4400067726F75703E0A20203C2F7365676D65BB
:10C450006E743E0A0A20203C7365676D656E742019
:10C460006F726967696E3D273933303627207370E4
:10C470006163653D27323533273E0A202020203C6A
:10C480006E616D653E506F776572204D6F6E697499
:10C490006F723C2F6E616D653E0A202020203C6447
:10C4A00065736372697074696F6E3E506F77657201
:10C4B00020646F776E206576656E7473206D617988
:10C4C000206E6F742062652070726F64756365649E
:10C4D0002072656C6961626C793C2F64657363726C
:10C4E000697074696F6E3E0A202020203C696E746A
:10C4F0002073697A653D2731273E0A2020202020BD
:10C50000203C6E616D653E506F77657220457665A3
:10C510006E74733C2F6E616D653E0A2020202020D2
:10C52000203C64656661756C743E303C2F646566C2
:10C5300061756C743E0A2020202020203C6D6170C3
:10C540003E0A20202020202020203C72656C61744F
:10C55000696F6E3E3C70726F70657274793E303CEC
:10C560002F70726F70657274793E3C76616C756580
:10C570003E4E6F6E653C2F76616C75653E3C2F724A
:10C58000656C6174696F6E3E0A2020202020202097
:10C59000203C72656C6174696F6E3E3C70726F70A6
:10C5A000657274793E313C2F70726F706572747968
:10C5B0003E3C76616C75653E506F77657220446FC6
:10C5C000776E204F6E6C793C2F76616C75653E3CC2
:10C5D0002F72656C6174696F6E3E0A2020202020E6
:10C5E0002020203C72656C6174696F6E3E3C7072F5
:10C5F0006F70657274793E323C2F70726F70657225
:10C6000074793E3C76616C75653E506F776572203B
:10C610005570204F6E6C793C2F76616C75653E3C91
:10C620002F72656C6174696F6E3E0A202020202095
:10C630002020203C72656C6174696F6E3E3C7072A4
:10C640006F70657274793E333C2F70726F706572D3
:10C6500074793E3C76616C75653E416C6C3C2F761E
:10C66000616C75653E3C2F72656C6174696F6E3EDE
:10C670000A2020202020203C2F6D61703E0A2020BF
:10C6800020203C2F696E743E0A202020203C6576D5
:10C69000656E7469643E0A2020202020203C6E6173
:10C6A0006D653E506F77657220446F776E20286D00
:10C6B000617920626520756E61626C6520746F20FF
:10C6C00073656E64293C2F6E616D653E0A202020E3
:10C6D0002020203C6465736372697074696F6E3EDC
:10C6E0005768656E207468652043414E20627573FB
:10C6F00020706F776572206661696C732C20746896
:10C700006973206576656E742077696C6C2062654C
:10C710002073656E742E3C2F646573637269707448
:10C72000696F6E3E0A202020203C2F6576656E746E
:10C7300069643E0A202020203C6576656E74696439
:10C740003E0A2020202020203C6E616D653E506F07
:10C750007765722055703C2F6E616D653E0A202012
:10C76000202020203C6465736372697074696F6E69
:10C770003E5768656E207468652043414E2062759F
:10C780007320706F776572206973204F4B2C207473
:10C79000686973206576656E742077696C6C2062B9
:10C7A000652073656E742E3C2F64657363726970C7
:10C7B00074696F6E3E0A202020203C2F6576656EDE
:10C7C0007469643E0A20203C2F7365676D656E7442
:10C7D0003E0A202020203C7365676D656E74206FD3
:10C7E000726967696E3D2732272073706163653D0A
:10C7F00027323533273E203C212D2D205370616395
:10C80000652030784644207374756666206D6167D4
:10C81000696320746F20747269676765722072653E
:10C8200073657473202D2D3E0A20202020202020A7
:10C83000203C6E616D653E526573657420436F6E7A
:10C8400074726F6C3C2F6E616D653E0A2020202053
:10C85000202020203C6465736372697074696F6E78
:10C860003E436F6E74726F6C7320616374696F6E98
:10C8700073206174206E65787420626F6172642029
:10C8800072657365743C2F64657363726970746953
:10C890006F6E3E0A20202020202020203C696E74EC
:10C8A0002073697A653D2731273E0A202020202009
:10C8B000202020202020203C6E616D653E41637465
:10C8C000696F6E206F6E2072657365743C2F6E61A8
:10C8D0006D653E0A202020202020202020202020BE
:10C8E0003C64656661756C743E3233383C2F646518
:10C8F0006661756C743E0A202020202020202020B4
:10C900002020203C6D61703E0A2020202020202025
:10C910002020202020202020203C72656C6174693A
:10C920006F6E3E3C70726F70657274793E32333850
:10C930003C2F70726F70657274793E3C76616C75D5
:10C94000653E4E6F726D616C204F706572617469E7
:10C950006F6E3C2F76616C75653E3C2F72656C6125
:10C9600074696F6E3E0A2020202020202020202085
:10C970002020202020203C72656C6174696F6E3E1F
:10C980003C70726F70657274793E35313C2F7072F5
:10C990006F70657274793E3C76616C75653E436C70
:10C9A0006561722045766572797468696E67206288
:10C9B000757420437265617465204E657720556EED
:10C9C00075736564204576656E744944733C2F76B3
:10C9D000616C75653E3C2F72656C6174696F6E3E6B
:10C9E0000A2020202020202020202020202020205D
:10C9F000203C72656C6174696F6E3E3C70726F7042
:10CA0000657274793E3235353C2F70726F70657285
:10CA100074793E3C76616C75653E436C656172204D
:10CA200045766572797468696E67206261636B2010
:10CA3000746F20466163746F727920446566617516
:10CA40006C74733C2F76616C75653E3C2F72656C1F
:10CA50006174696F6E3E0A20202020202020202053
:10CA6000202020202020203C72656C6174696F6E4C
:10CA70003E3C70726F70657274793E36383C2F7030
:10CA8000726F70657274793E3C76616C75653E526A
:10CA90006573657420616E6420656E7465722074C0
:10CAA000657374206D6F6465202873656520646FFD
:10CAB00063756D656E746174696F6E2066697273FB
:10CAC0007421293C2F76616C75653E3C2F72656C34
:10CAD0006174696F6E3E0A202020202020202020D3
:10CAE0002020203C2F6D61703E0A20202020202035
:10CAF00020203C2F696E743E0A202020203C2F739A
:10CB000065676D656E743E0A202020203C2F6364AB
:10CB1000693E0A00045350524F4720444343204C7F
:10CB2000746400000000000000000000000000002D
:10CB3000000000000000000000000000000053455D
:10CB400052564F494F2D4C43430000000000000057
:10CB500000000000000000000000000000000000D5
:10CB600000000000000000312E3000000000000036
:10CB7000000000000000000000000000322E320023
:10CB800000000000000000000000000000000000A5
:10CB900000010204081020408000FFAF7864554B6C
:10CBA0003C0001020305070A14CA0020F300201C00
:10CBB00001204501206E0120970120C10140EA01BA
:10CBC000401302403C02406502408E0240DD0220DC
:10CBD0000603202F0320580320810320AA0320D41A
:10CBE0000340FD03402604404F0440780440A10464
:10CBF00040F004201905204205206B0520940520F3
:10CC0000BD0520E705401006403906406206408B0E
:10CC10000640B406400307202C07205507207E0756
:10CC200020A70720D00720FA07402308404C0840DF
:10CC30007508409E0840C708401609203F09206833
:10CC40000920910920BA0920E309200D0A40360A7B
:10CC5000405F0A40880A40B10A40DA0A40290B20A6
:10CC6000520B207B0B20A40B20CD0B20F60B202099
:10CC70000C40490C40720C409B0C40C40C40ED0C25
:10CC8000403C0D20650D208E0D20B70D20E00D20BD
:10CC9000090E20330E405C0E40850E40AE0E40D78C
:10CCA0000E40000F404F0F20780F20A10F20CA0F19
:10CCB00020F30F201C10204610406F1040981040A9
:10CCC000C11040EA10401311406311208C1120B5AF
:10CCD0001120DE11200712203012205A1240831238
:10CCE00040AC1240D51240FE12402713407613206C
:10CCF0009F1320C81320F113201A14204314206D11
:10CD00001440961440BF1440E814401115403A15E1
:10CD100040891520B21520DB15200416202D162081
:10CD2000561620801640A91640D21640FB16402405
:10CD300017404D17409C1720C51720EE17201718D5
:10CD400020401820691820931840BC1840E518406E
:10CD50000E1940371940601940AF1920D819200129
:10CD60001A202A1A20531A207C1A20A61A40CF1AF9
:10CD700040F81A40211B404A1B40731B40C21B2035
:10CD8000EB1B20141C203D1C20661C208F1C20B98E
:10CD90001C40E21C400B1D40341D405D1D40861DA3
:10CDA00040D51D20FE1D20271E20501E20791E204C
:10CDB000A21E20CC1E40F51E401E1F40471F407083
:10CDC0001F40991F40E81F201120203A2020632097
:10CDD000208C2020B52020DF204008214031214038
:10CDE0005A2140832140AC21402D22405622409FB1
:10CDF0002240C822401023203923206223208B2385
:10CE000020D52320FE23202724205024205B2440EB
:10CE1000632440476F6C6400426C75650000030E2C
:10CE200005017C6F000E7D6F000E7E6F000E7F6F20
:10CE3000170E806FCE0E816F4EECB5F0420E0501DD
:10CE40007C6F000E7D6F000E7E6F000E7F6F170EE1
:10CE5000806FCE0E816F4EECB5F0820E0501756FBE
:10CE6000000E766F000E776F000E786F000E796FF0
:10CE700098ECC0F00501A66BA651916F926B130E52
:10CE80009103F3C493F5F4C494F59203F3509427FB
:10CE9000020E9103F3509427830E9325956F000E95
:10CEA0009421966F95C57CF596C57DF57E6B7F6B5D
:10CEB000170E806FCE0E816F4EECB5F00501A651B6
:10CEC000916F926B130E9103F3C493F5F4C494F530
:10CED0009203F3509427020E9103F3509427A30E6C
:10CEE0009325956F000E9421966F95C575F596C59F
:10CEF00076F5776B786B020E796F98ECC0F00501D0
:10CF0000A651916F926B130E9103F3C493F5F4C481
:10CF100094F59203F3509427020E9103F350942753
:10CF2000A40E9325956F000E9421966F95C575F507
:10CF300096C576F5776B786B000E796F98ECC0F03C
:10CF40000501A651916F926B130E9103F3C493F5F3
:10CF5000F4C494F59203F3509427020E9103F35016
:10CF60009427A50E9325956F000E9421966F95C575
:10CF700076F596C577F5786B796B000E7B6F0A0EA8
:10CF80007A6FD5ECBAF00501A651916F926B130E32
:10CF90009103F3C493F5F4C494F59203F3509427EA
:10CFA000020E9103F3509427A70E9325956F000E60
:10CFB0009421966F95C576F596C577F5786B796B64
:10CFC000000E7B6F0A0E7A6FD5ECBAF00501A65100
:10CFD000916F926B130E9103F3C493F5F4C494F51F
:10CFE0009203F3509427020E9103F3509427A90E55
:10CFF0009325956F000E9421966F95C575F596C58E
:10D0000076F5776B786B000E796F98ECC0F00501C0
:10D01000A651916F926B130E9103F3C493F5F4C470
:10D0200094F59203F3509427020E9103F350942742
:10D03000AA0E9325956F000E9421966F95C57CF5E9
:10D0400096C57DF57E6B7F6B170E806FCE0E816F60
:10D050004EECB5F00501A651916F926B130E910342
:10D06000F3C493F5F4C494F59203F3509427020E9D
:10D070009103F3509427D20E9325956F000E9421BF
:10D08000966F95C575F596C576F5776B786B030E3B
:10D09000796F98ECC0F00501A651916F926B130E59
:10D0A0009103F3C493F5F4C494F59203F3509427D9
:10D0B000020E9103F3509427D30E9325956F000E23
:10D0C0009421966F95C57CF596C57DF57E6B7F6B3B
:10D0D000170E806FCE0E816F4EECB5F00501A65194
:10D0E000916F926B130E9103F3C493F5F4C494F50E
:10D0F0009203F3509427020E9103F3509427FB0EF2
:10D100009325956F000E9421966F95C575F596C57C
:10D1100076F5776B786B020E796F98ECC0F0020EA3
:10D120000501A56FA551290DF3C491F5F4C492F53D
:10D13000A651936F946B130E9303F3C495F5F4C447
:10D1400096F59403F3509627020E9303F350962717
:10D15000AA0E9525976F000E9621986F91519725ED
:10D16000996F925198219A6F99C57CF59AC57DF572
:10D170007E6B7F6B170E806FCE0E816F4EECB5F01D
:10D180000501A551290DF3C491F5F4C492F5A651FA
:10D19000936F946B130E9303F3C495F5F4C496F553
:10D1A0009403F3509627020E9303F3509627D20E62
:10D1B0009525976F000E9621986F91519725996F3D
:10D1C000925198219A6F99C575F59AC576F5776B46
:10D1D000786B000E796F98ECC0F00501A52B050E59
:10D1E000A565A0D7A56BA551290DF3C491F5F4C48D
:10D1F00092F5A651936F946B130E9303F3C495F5B8
:10D20000F4C496F59403F3509627020E9303F3505B
:10D210009627A00E9525976F010E9621986F915134
:10D220009725996F925198219A6F99C57CF59AC567
:10D230007DF57E6B7F6B170E806FCE0E816F4EEC8F
:10D24000B5F00501A551290DF3C491F5F4C492F58B
:10D25000A651936F946B130E9303F3C495F5F4C426
:10D2600096F59403F3509627020E9303F3509627F6
:10D27000C00E9525976F010E9621986F91519725B5
:10D28000996F925198219A6F99C575F59AC576F55F
:10D29000776B786B000E796F98ECC0F00501A52BC9
:10D2A000050EA565A0D7A62B070EA665E5D51B0E16
:10D2B000756F110E766F000E776F000E786F000E8F
:10D2C000796F98ECC0F00501A66BA651916F926B37
:10D2D000130E9103F3C493F5F4C494F59203F35041
:10D2E0009427020E9103F35094271C0E9325956FFB
:10D2F000110E9421966F95C57CF596C57DF57E6BD4
:10D300007F6B170E806FCE0E816F4EECB5F005016E
:10D31000A651916F926B130E9103F3C493F5F4C46D
:10D3200094F59203F3509427020E9103F35094273F
:10D330003C0E9325956F110E9421966F95C575F54A
:10D3400096C576F5776B786B010E796F98ECC0F027
:10D350000501A651916F926B130E9103F3C493F5DF
:10D36000F4C494F59203F3509427020E9103F35002
:10D3700094273D0E9325956F110E9421966F95C5B8
:10D3800075F596C576F5776B786B000E796F98EC2E
:10D39000C0F00501A651916F926B130E9103F3C477
:10D3A00093F5F4C494F59203F3509427020E91037D
:10D3B000F35094273E0E9325956F110E9421966F8E
:10D3C00095C576F596C577F5786B796B000E7B6F12
:10D3D0000A0E7A6FD5ECBAF00501A651916F926BE7
:10D3E000130E9103F3C493F5F4C494F59203F35030
:10D3F0009427020E9103F3509427400E9325956FC6
:10D40000110E9421966F95C576F596C577F5786BD4
:10D41000796B000E7B6F0A0E7A6FD5ECBAF00501BE
:10D42000A651916F926B130E9103F3C493F5F4C45C
:10D4300094F59203F3509427020E9103F35094272E
:10D44000420E9325956F110E9421966F95C575F533
:10D4500096C576F5776B786B000E796F98ECC0F017
:10D460000501A56BA551290DF3C491F5F4C492F5FE
:10D47000A651936F946B130E9303F3C495F5F4C404
:10D4800096F59403F3509627020E9303F3509627D4
:10D49000430E9525976F110E9621986F9151972500
:10D4A000996F925198219A6F99C57CF59AC57DF52F
:10D4B0007E6B7F6B170E806FCE0E816F4EECB5F0DA
:10D4C0000501A551290DF3C491F5F4C492F5A651B7
:10D4D000936F946B130E9303F3C495F5F4C496F510
:10D4E0009403F3509627020E9303F35096276B0E86
:10D4F0009525976F110E9621986F91519725996FE9
:10D50000925198219A6F99C575F59AC576F5776B02
:10D51000786B000E796F98ECC0F00501A52B050E15
:10D52000A565A0D7A651916F926B130E9103F3C41A
:10D5300093F5F4C494F59203F3509427020E9103EB
:10D54000F3509427390E9325956F120E9421966F00
:10D5500095C57CF596C57DF57E6B7F6B170E806F4C
:10D56000CE0E816F4EECB5F00501A651916F926B16
:10D57000130E9103F3C493F5F4C494F59203F3509E
:10D580009427020E9103F3509427590E9325956F1B
:10D59000120E9421966F95C575F596C576F5776B45
:10D5A000786B080E796F98ECC0F00501A651916F69
:10D5B000926B130E9103F3C493F5F4C494F59203A4
:10D5C000F3509427020E9103F3509427620E932593
:10D5D000956F120E9421966F95C57CF596C57DF5D5
:10D5E0007E6B7F6B170E806FCE0E816F4EECB5F0A9
:10D5F0000501A651916F926B130E9103F3C493F53D
:10D60000F4C494F59203F3509427020E9103F3505F
:10D610009427820E9325956F120E9421966F95C5CF
:10D6200075F596C576F5776B786B070E796F98EC84
:10D63000C0F0020E0501A56FA551290DF3C491F5A7
:10D64000F4C492F5A651936F946B130E9303F3C435
:10D6500095F5F4C496F59403F3509627020E9303C0
:10D66000F3509627390E9525976F120E9621986FD5
:10D6700091519725996F925198219A6F99C57CF590
:10D680009AC57DF57E6B7F6B170E806FCE0E816F16
:10D690004EECB5F00501A551290DF3C491F5F4C484
:10D6A00092F5A651936F946B130E9303F3C495F503
:10D6B000F4C496F59403F3509627020E9303F350A7
:10D6C0009627590E9525976F120E9621986F9151B6
:10D6D0009725996F925198219A6F99C575F59AC5BA
:10D6E00076F5776B786B000E796F98ECC0F00501DA
:10D6F000A52B050EA565A0D7A62B070EA665E5D51B
:10D70000A66BA651070DB40EF324916F210EF420E1
:10D71000926F91C575F592C576F5776B786B7D0E36
:10D72000796F98ECC0F00501A651070DB50EF324F2
:10D73000916F210EF420926F91C575F592C576F523
:10D74000776B786B7D0E796F98ECC0F00501A65170
:10D75000070DB60EF324916F210EF420926F91C540
:10D7600075F592C576F5776B786B040E796F98EC4A
:10D77000C0F00501A651070DB70EF324916F210EDD
:10D78000F420926F91C575F592C576F5776B786B3D
:10D79000040E796F98ECC0F00501A651070DB80E84
:10D7A000F324916F210EF420926F91C575F592C507
:10D7B00076F5776B786B000E796F98ECC0F0050109
:10D7C000A651070DB90EF324916F210EF420926F2C
:10D7D00091C575F592C576F5776B786B010E796F0B
:10D7E00098ECC0F00501A651070DBA0EF324916F15
:10D7F000210EF420926F91C575F592C576F5776B81
:10D80000786B010E796F98ECC0F00501A651916F0D
:10D81000926B936BF00E9125616F030E9221626FF4
:10D82000380E9321636F000E646F59ECC3F005014D
:10D83000A62B070EA66565D7A66BA651720DEC0E3A
:10D84000F324916F210EF420926F91C57CF592C55F
:10D850007DF57E6B7F6B170E806FCE0E816F4EEC69
:10D86000B5F00501A56BA551290DF3C491F5F4C4DC
:10D8700092F5A651720D0C0EF324936F220EF42034
:10D88000946F91519325956F92519421966F95C500
:10D890007CF596C57DF57E6B7F6B170E806FCE0E87
:10D8A000816F4EECB5F00501A52B010EA565DBD708
:10D8B000A62B010EA665C1D7EC0E7C6F210E7D6FE5
:10D8C000000E7E6F000E7F6F180E806FCE0E816F80
:10D8D0004EECB5F02C0E0501756F220E766F000E22
:10D8E000776F000E786F090E796F98ECC0F0550EC7
:10D8F0000501756F220E766F000E776F000E786F40
:10D900000A0E796F98ECC0F05E0E05017C6F220E56
:10D910007D6F000E7E6F000E7F6F130E806FCE0E38
:10D92000816F4EECB5F09E0E0501756F220E766F7D
:10D93000000E776F000E786F090E796F98ECC0F0CB
:10D94000C70E0501756F220E766F000E776F000E01
:10D95000786F0A0E796F98ECC0F0D00E05017C6FDD
:10D96000220E7D6F000E7E6F000E7F6F180E806F8F
:10D97000CE0E816F4EECB5F0950E05017C6F230E37
:10D980007D6F000E7E6F000E7F6F130E806FCE0EC8
:10D99000816F4EECB5F00501A66BA651C50D940E36
:10D9A000F324916F230EF420926F91C575F592C503
:10D9B00076F5776B786B030E796F98ECC0F0050104
:10D9C000A56BA551290DF3C491F5F4C492F5A651A8
:10D9D000C50DF00EF324936F220EF420946F915135
:10D9E0009325956F92519421966F95C57CF596C5B8
:10D9F0007DF57E6B7F6B170E806FCE0E816F4EECC8
:10DA0000B5F00501A551290DF3C491F5F4C492F5C3
:10DA1000A651C50D180EF324936F230EF420946FB6
:10DA200091519325956F92519421966F95C575F5F7
:10DA300096C576F5776B786B000E796F98ECC0F031
:10DA40000501A52B030EA565BCD7A62B010EA66567
:10DA5000A4D7180E756F230E766F000E776F000E29
:10DA6000786F0F0E796F98ECC0F0940E0501756F0A
:10DA7000230E766F000E776F000E786F030E796FAE
:10DA800098ECC0F0DD0E0501756F230E766F000E69
:10DA9000776F000E786F100E796F98ECC0F0590E0A
:10DAA0000501756F240E766F000E776F000E786F8C
:10DAB000030E796F98ECC0F05A0E0501756F240EB5
:10DAC000766F000E776F000E786F000E796F98EC0E
:10DAD000C0F0750E0501616F070E626FCC0E636FAB
:10DAE00080ECC8F061C59BF562C59CF59D0E616F29
:10DAF000050E626F010E636F000E646F000E656F9E
:10DB0000000E666F000E676F000E686FFF0E696F84
:10DB1000F10E6A6F7CECBDF09BC57AF59CC57BF578
:10DB20007C6B7D6B9D0E7E6F050E7F6F000E816F8F
:10DB3000080E806F3EECBAF01200B1ECC1F061C586
:10DB40007FF562C580F563C581F564C582F545D270
:10DB5000F56B010ECED1F551240DF3C474F5F4C468
:10DB600075F520EE05F00750D9260850DA22DEC4FC
:10DB700076F5DDC477F574517625786F7551772188
:10DB8000796F210E7825D96E000E7921DA6EDE04C8
:10DB9000D8A488D0F651240DF3C474F5F4C475F5F7
:10DBA00020EE05F00750D9260850DA22DEC476F5BB
:10DBB000DDC477F574517625786F75517721796FCB
:10DBC0000F0E7825D96E000E7921DA6EDE6ADE6AD4
:10DBD000DE6ADD6AF651240DF3C474F5F4C475F5FC
:10DBE00020EE05F00950D9260A50DA22DEC476F577
:10DBF000DDC477F574517625786F75517721796F8B
:10DC00000F0E7825D96E000E7921DA6EDE6ADE6A93
:10DC1000DE6ADD6A20EE0FF00B50D9260C50DA22B6
:10DC2000DE6ADE6ADE6ADD6A20EE0FF00D50D9266C
:10DC30000E50DA22DE6ADE6ADE6ADD6AF551240DF4
:10DC4000F3C474F5F4C475F520EE05F00750D92639
:10DC50000850DA22DEC476F5DDC477F574517625F6
:10DC6000786F75517721796F0F0E7825D96E000E78
:10DC70007921DA6EFF0EDE6EFF0EDE6EFF0EDE6EB7
:10DC8000FF0EDD6EF5C5F6F5010E056E000E7F1573
:10DC9000016EFE0E8015026E000E8115036E000EE1
:10DCA0008215046EF52B080EF519D8A4AED1F56BCC
:10DCB000020E1FD1F551240DF3C474F5F4C475F5AB
:10DCC00020EE05F00950D9260A50DA22DEC476F596
:10DCD000DDC477F574517625786F75517721796FAA
:10DCE000210E7825D96E000E7921DA6EDE04D8A4D3
:10DCF00088D0F651240DF3C474F5F4C475F520EE04
:10DD000005F00750D9260850DA22DEC476F5DDC4C6
:10DD100077F574517625786F75517721796F0F0EED
:10DD20007825D96E000E7921DA6EDE6ADE6ADE6A47
:10DD3000DD6AF651240DF3C474F5F4C475F520EED4
:10DD400005F00950D9260A50DA22DEC476F5DDC482
:10DD500077F574517625786F75517721796F0F0EAD
:10DD60007825D96E000E7921DA6EDE6ADE6ADE6A07
:10DD7000DD6A20EE0FF00B50D9260C50DA22DE6A55
:10DD8000DE6ADE6ADD6A20EE0FF00D50D9260E50F5
:10DD9000DA22DE6ADE6ADE6ADD6AF551240DF3C43A
:10DDA00074F5F4C475F520EE05F00950D9260A5033
:10DDB000DA22DEC476F5DDC477F574517625786F06
:10DDC00075517721796F0F0E7825D96E000E792164
:10DDD000DA6EFF0EDE6EFF0EDE6EFF0EDE6EFF0EE3
:10DDE000DD6EF5C5F6F5020E056E000E7F15016EAF
:10DDF000FE0E8015026E000E8115036E000E821558
:10DE0000046EF52B080EF519D8A4FFD0F56B030EA0
:10DE100070D020EE21F00B50D9260C50DA22DE040F
:10DE2000D8A466D0F651240DF3C474F5F4C475F586
:10DE300020EE05F00750D9260850DA22DEC476F528
:10DE4000DDC477F574517625786F75517721796F38
:10DE50000F0E7825D96E000E7921DA6EDE6ADE6A41
:10DE6000DE6ADD6AF651240DF3C474F5F4C475F569
:10DE700020EE05F00950D9260A50DA22DEC476F5E4
:10DE8000DDC477F574517625786F75517721796FF8
:10DE90000F0E7825D96E000E7921DA6EDE6ADE6A01
:10DEA000DE6ADD6A20EE0FF00B50D9260C50DA2224
:10DEB000FF0EDE6EFF0EDE6EFF0EDE6EFF0EDD6EFF
:10DEC00020EE0FF00D50D9260E50DA22DE6ADE6AFF
:10DED000DE6ADD6A030E056E000E7F15016EFE0E12
:10DEE0008015026E000E8115036E000E8215046E01
:10DEF000040E066E8AD020EE21F00D50D9260E5069
:10DF0000DA22DE04D8A425D6F651240DF3C474F524
:10DF1000F4C475F520EE05F00750D9260850DA2232
:10DF2000DEC476F5DDC477F574517625786F7551CA
:10DF30007721796F0F0E7825D96E000E7921DA6E70
:10DF4000DE6ADE6ADE6ADD6AF651240DF3C474F51A
:10DF5000F4C475F520EE05F00950D9260A50DA22EE
:10DF6000DEC476F5DDC477F574517625786F75518A
:10DF70007721796F0F0E7825D96E000E7921DA6E30
:10DF8000DE6ADE6ADE6ADD6A20EE0FF00B50D9260B
:10DF90000C50DA22DE6ADE6ADE6ADD6A20EE0FF0FD
:10DFA0000D50D9260E50DA22FF0EDE6EFF0EDE6E09
:10DFB000FF0EDE6EFF0EDD6E040E056E000E7F1589
:10DFC000016EFE0E8015026E000E8115036E000EAE
:10DFD0008215046EBED5066A18D00650746F756B34
:10DFE0007551000AD8A4F7D77451000AD8B4B0D537
:10DFF000010AD8B4B0D5030AD8B45CD6010AD8B4A3
:10E0000008D7070AD8B477D7E6D7000E7F157B6FFD
:10E01000FE0E80157C6F000E81157D6F000E82153F
:10E020007E6F7B5101180AE17C51021807E17D5196
:10E03000031804E17E510418D8B412007BC501F521
:10E040007CC502F57DC503F57EC504F5FFD0F66BF2
:10E0500020EE05F00750D9260850DA2210EE0FF016
:10E06000DE50E126DD50E222FF0EE66EFF0EE66E88
:10E07000FF0EE66EFF0EE56E010E056E1200F65104
:10E08000240DF3C474F5F4C475F520EE05F00750C3
:10E09000D9260850DA22DEC476F5DDC477F574514E
:10E0A0007625786F75517721796F0F0E7825D96EA7
:10E0B000000E7921DA6EDE6ADE6ADE6ADD6AF62B30
:10E0C000080EF619D8A418D0F66B20EE05F009500A
:10E0D000D9260A50DA2210EE0FF0DE50E126DD508C
:10E0E000E222FF0EE66EFF0EE66EFF0EE66EFF0EFC
:10E0F000E56E020E056E1200F651240DF3C474F5A0
:10E10000F4C475F520EE05F00750D9260850DA2240
:10E11000DEC476F5DDC477F574517625786F7551D8
:10E120007721796F0F0E7825D96E000E7921DA6E7E
:10E13000FF0EDE6EFF0EDE6EFF0EDE6EFF0EDD6E7C
:10E140001200F651240DF3C474F5F4C475F520EEF5
:10E1500005F00950D9260A50DA22DEC476F5DDC46E
:10E1600077F574517625786F75517721796F0F0E99
:10E170007825D96E000E7921DA6EDE6ADE6ADE6AF3
:10E18000DD6AF62B080EF619D8A412D0F66B20EE35
:10E190000FF00B50D9260C50DA22FF0EDE6EFF0E68
:10E1A000DE6EFF0EDE6EFF0EDD6E030E056E1200DC
:10E1B000F651240DF3C474F5F4C475F520EE05F0A2
:10E1C0000950D9260A50DA22DEC476F5DDC477F587
:10E1D00074517625786F75517721796F0F0E7825F8
:10E1E000D96E000E7921DA6EFF0EDE6EFF0EDE6E46
:10E1F000FF0EDE6EFF0EDD6E120020EE0FF00B50F4
:10E20000D9260C50DA22DE6ADE6ADE6ADD6A20EE8A
:10E210000FF00D50D9260E50DA22FF0EDE6EFF0EE3
:10E22000DE6EFF0EDE6EFF0EDD6E040E056E12005A
:10E23000F66B20EE0FF00D50D9260E50DA22DE6A72
:10E24000DE6ADE6ADD6A04D7056A12000550746F63
:10E25000756B7551000AD8A4F7D77451000AD8B469
:10E26000F6D6010AD8B40BD7030AD8B46AD7010A84
:10E27000D8B4C3D7070AD8B4DBD7E6D7B16BB1514E
:10E28000896F8A6B990E8903F3C48BF5F4C48CF5FE
:10E290008A03F3508C27100E8903F3508C27820ECB
:10E2A0008B258D6F000E8C218E6F8DC574F58EC5FC
:10E2B00075F5766B776B42ECC1F0AD6FB151710DB6
:10E2C0000C0EF324D96E140EF420DA6EADC5DFF413
:10E2D000B26BB251896F8A6B130E8903F3C48BF54D
:10E2E000F4C48CF58A03F3508C27020E8903F35093
:10E2F0008C27B1518D6F8E6B990E8D03F3C48FF502
:10E30000F4C490F58E03F3509027100E8D03F35054
:10E310009027A30E8F25916F000E9021926F8B5145
:10E320009125936F8C519221946F93C574F594C588
:10E3300075F5766B776B42ECC1F0AF6FB2510E0D95
:10E34000F3C489F5F4C48AF5B151710D0D0EF324AF
:10E350008B6F140EF4208C6F89518B25D96E8A51E6
:10E360008C21DA6EAFC5DFF4B251896F8A6B130E60
:10E370008903F3C48BF5F4C48CF58A03F3508C271E
:10E38000020E8903F3508C27B1518D6F8E6B990E5D
:10E390008D03F3C48FF5F4C490F58E03F3509027EA
:10E3A000100E8D03F3509027A40E8F25916F000E51
:10E3B0009021926F8B519125936F8C519221946F84
:10E3C00093C574F594C575F5766B776B42ECC1F027
:10E3D000956FB2510E0DF3C496F5F4C497F5B15193
:10E3E000710D0E0EF324986F140EF420996F965150
:10E3F0009825D96E97519921DA6E95C5DFF4B251FF
:10E40000896F8A6B130E8903F3C48BF5F4C48CF502
:10E410008A03F3508C27020E8903F3508C27B151E5
:10E420008D6F8E6B990E8D03F3C48FF5F4C490F548
:10E430008E03F3509027100E8D03F3509027A50EF6
:10E440008F25916F000E9021926F8B519125936FC4
:10E450008C519221946F93C577F594C578F5796BBB
:10E460007A6BFAECBDF077C583F578C584F5B251C7
:10E47000956F966B130E9503F3C497F5F4C498F556
:10E480009603F3509827020E9503F3509827B15145
:10E49000996F9A6B990E9903F3C49BF5F4C49CF59C
:10E4A0009A03F3509C27100E9903F3509C27A70E54
:10E4B0009B259D6F000E9C219E6F97519D259F6F00
:10E4C00098519E21A06F9FC577F5A0C578F5796B0F
:10E4D0007A6BFAECBDF077C585F578C586F5B25153
:10E4E000A16FA26B130EA103F3C4A3F5F4C4A4F5AA
:10E4F000A203F350A427020EA103F350A427B151A5
:10E50000A56FA66B990EA503F3C4A7F5F4C4A8F5EF
:10E51000A603F350A827100EA503F350A827A90EB1
:10E52000A725A96F000EA821AA6FA351A925AB6F3B
:10E53000A451AA21AC6FABC574F5ACC575F5766B6B
:10E54000776B42ECC1F0876FB151080DF350B225E3
:10E55000F4ECBEF0030EAD19D8B407D0AF05D8B4B3
:10E5600004D0030EAF19D8A403D0010EAE6F01D0B2
:10E57000AE6BB151D8A423D0D10E676F070E686F70
:10E58000B2C569F5B2C56AF5AEC56BF5B2510E0DEF
:10E59000F3C489F5F4C48AF5B151710D0E0EF3245C
:10E5A0008B6F140EF4208C6F89518B25D96E8A5194
:10E5B0008C21DA6EDF506C6FA4ECAEF023D0C30E6A
:10E5C000676F070E686FB2C569F5B251080F6A6FC1
:10E5D000AEC56BF5B2510E0DF3C489F5F4C48AF5DE
:10E5E000B151710D0E0EF3248B6F140EF4208C6F4D
:10E5F00089518B25D96E8A518C21DA6EDF506C6F70
:10E60000A4ECAEF0B06BB051290DF3C489F5F4C49D
:10E610008AF5B2518B6F8C6B130E8B03F3C48DF59F
:10E62000F4C48EF58C03F3508E27020E8B03F35047
:10E630008E27B1518F6F906B990E8F03F3C491F5B4
:10E64000F4C492F59003F3509227100E8F03F35009
:10E650009227D20E9125936F000E9221946F8D51C7
:10E660009325956F8E519421966F89519525976FBB
:10E670008A519621986F97C574F598C575F5766B94
:10E68000776B42ECC1F0996FB2510E0DF3C49AF55D
:10E69000F4C49BF5B151710D0F0EF3249C6F140E51
:10E6A000F4209D6F9A519C259E6F9B519D219F6FD9
:10E6B000B0519E25D96E000E9F21DA6E99C5DFF408
:10E6C000B02B050EB0659FD7B06BB051290DF3C4C8
:10E6D00089F5F4C48AF5B2518B6F8C6B130E8B03E2
:10E6E000F3C48DF5F4C48EF58C03F3508E27020E1F
:10E6F0008B03F3508E27B1518F6F906B990E8F0360
:10E70000F3C491F5F4C492F59003F3509227100EE0
:10E710008F03F3509227C00E9125936F010E922123
:10E72000946F8D519325956F8E519421966F8951D9
:10E730009525976F8A519621986F97C574F598C55E
:10E7400075F5766B776B42ECC1F0996FB2510E0D97
:10E75000F3C49AF5F4C49BF5B151710D150EF32471
:10E760009C6F140EF4209D6F9A519C259E6F9B51B7
:10E770009D219F6FB0519E25D96E000E9F21DA6EAC
:10E7800099C5DFF4B02B050EB0659FD7B22B070EED
:10E79000B2659FD5B12B010EB16571D5B26BB16B6E
:10E7A000B151290DF3C489F5F4C48AF5B251720D43
:10E7B0002C0EF3248B6F220EF4208C6F89518B2545
:10E7C0008D6F8A518C218E6F8DC574F58EC575F550
:10E7D000766B776B42ECC1F08F6FB251020D260E53
:10E7E000F324906F150EF420916FB1519025D96EDE
:10E7F000000E9121DA6E8FC5DFF4B151290DF3C4FB
:10E8000089F5F4C48AF5B251720D2C0EF3248B6F86
:10E81000220EF4208C6F89518B258D6F8A518C21AB
:10E820008E6F8DC574F58EC575F5766B776B42EC82
:10E83000C1F08F6FB251020D260EF324906F150EAA
:10E84000F420916FB1519025D96E000E9121DA6EAE
:10E850008FC5DFF4B12B010EB165A2D7B22B010E2B
:10E86000B2659DD74CECA5F0B26BB16BB151290DDF
:10E87000F3C489F5F4C48AF5B251C50D180EF3241A
:10E880008B6F230EF4208C6F89518B258D6F8A51ED
:10E890008C218E6F8DC574F58EC575F5766B776B93
:10E8A00042ECC1F08F6FB251050D2A0EF324906F28
:10E8B000150EF420916FB1519025D96E000E912163
:10E8C000DA6E8FC5DFF4B251C50D940EF324896F53
:10E8D000230EF4208A6F89C574F58AC575F5766BA9
:10E8E000776B42ECC1F08B6FB251050D2E0EF32405
:10E8F000D96E150EF420DA6E8BC5DFF4B12B030E42
:10E90000B165B4D7B22B010EB265AFD7650030F058
:10E91000E8F4010AD8A40DD08BECC2F03DEC94F0E1
:10E9200046EC93F06500F4F1E8F4030AD8B488ECFF
:10E93000C7F05A0E0501746F240E756F000E766FC6
:10E94000000E776F42ECC1F0896F610025F634F557
:10E95000120020EE56F09051D9269151DA22DF5064
:10E96000D8B44BD092C5D9F493C5DAF410EE03F0C5
:10E97000DE50E126DD50E222E7B63FD092C569F5D0
:10E9800093C56AF520EE57F09051D9269151DA22BD
:10E99000DEC46BF5DDC46CF5ECECC9F00009D8A45D
:10E9A00013D092C569F593C56AF520EE57F09051E2
:10E9B000D9269151DA22DEC46BF5DDC46CF586EC04
:10E9C000CAF00009D8B419D0590E9025946F000EE2
:10E9D0009121956F20EEA1F09051D9269151DA2224
:10E9E00094C5DEF495C5DDF420EE56F09051D9269D
:10E9F0009151DA22DF6A000E120092C5D9F493C554
:10EA0000DAF410EE03F0DE50E126DD50E222E7A654
:10EA1000F2D792C561F593C562F516ECC7F0280EE2
:10EA200061190DE11A0E6219D8A409D020EE55F033
:10EA30009051D9269151DA22DF6A010E120092C557
:10EA400061F593C562F516ECC7F0480E611946E111
:10EA50001A0E6219D8A442D092C5D9F493C5DAF43B
:10EA600010EE04F0DE50E126DD50E222050EE764F0
:10EA70000CD092C5D9F493C5DAF410EE07F0DE504D
:10EA8000E126DD50E222E7AAD1D720EE4EF09051E8
:10EA9000D9269151DA2210EE4CF09051E126915195
:10EAA000E222DEC4E6F4DDC4E5F4040E9025946FA2
:10EAB000000E9121956F20EE52F09051D926915180
:10EAC000DA2294C5DEF495C5DDF420EE54F09051C1
:10EAD000D9269151DA22010EDF6EAFD792C56BF5C0
:10EAE00093C56CF537ECCBF00009D8B484D792C548
:10EAF00069F593C56AF523ECCDF0020AD8B409D0C4
:10EB000092C569F593C56AF523ECCDF0030AD8A444
:10EB10006CD0050120EE56F09051D9269151DA22A1
:10EB2000DF50D8B449D092C569F593C56AF523EC96
:10EB3000CDF0020AD8A481D790C580F591C581F5A2
:10EB4000050120EE02F09051D9269151DA2210EE03
:10EB500010F0DE50E126DD50E222E6C482F5E5C485
:10EB600083F592C561F593C562F5EBECCBF061C519
:10EB700084F562C585F5200E876F000E866FA8ECC0
:10EB8000B5F090C5D9F491C5DAF4DEC494F5DDC4CE
:10EB900095F594C5D9F495C5DAF4DEC48AF5DDC4DB
:10EBA0008BF5C80E8C6F000E8D6F000E8E6F000EF1
:10EBB0008F6F34ECCDF041D792C561F593C562F506
:10EBC000EBECCBF020EE57F09051D9269151DA22A0
:10EBD00061C5DEF462C5DDF420EE56F09051D92611
:10EBE0009151DA22010EDF6E5CD0050120EE56F065
:10EBF0009051D9269151DA22DF50D8A452D092C533
:10EC000069F593C56AF523ECCDF0020AD8B409D0B2
:10EC100092C569F593C56AF523ECCDF0050AD8A431
:10EC20000CD790C580F591C581F5050120EE02F065
:10EC30009051D9269151DA2210EE10F0DE50E126E3
:10EC4000DD50E222E6C482F5E5C483F592C561F5A4
:10EC500093C562F5EBECCBF061C584F562C585F533
:10EC6000600E876F000E866FA8ECB5F090C5D9F4E2
:10EC700091C5DAF4DEC494F5DDC495F594C5D9F4F4
:10EC800095C5DAF4DEC48AF5DDC48BF5C80E8C6F49
:10EC9000000E8D6F000E8E6F000E8F6F34ECCDF076
:10ECA000CCD692C561F593C562F5EBECCBF020EEC6
:10ECB00057F09051D9269151DA22DE50611904E1C2
:10ECC000DE506219D8B452D092C569F593C56AF581
:10ECD00023ECCDF0020AD8B409D092C569F593C5EA
:10ECE0006AF523ECCDF0050AD8A4A7D690C580F527
:10ECF00091C581F5050120EE02F09051D926915180
:10ED0000DA2210EE10F0DE50E126DD50E222E6C4F9
:10ED100082F5E5C483F592C561F593C562F5EBEC28
:10ED2000CBF061C584F562C585F5200E876F000EB6
:10ED3000866FA8ECB5F090C5D9F491C5DAF4DEC4BD
:10ED400094F5DDC495F594C5D9F495C5DAF4DEC41F
:10ED50008AF5DDC48BF5C80E8C6F000E8D6F000E2A
:10ED60008E6F000E8F6F34ECCDF067D6000E9C6F67
:10ED7000000E9B6F2DD092C5D9F493C5DAF4DEC492
:10ED800094F5DDC495F59B5194279C519523050E70
:10ED90009425D96E000E9521DA6E10EEA1F09051F7
:10EDA000E1269151E222E6C496F5E5C497F596C5B1
:10EDB000E1F497C5E2F4DFC4E7F420EEA1F090514E
:10EDC000D9269151DA22DE2A000EDD229B4B9C2BA4
:10EDD00092C5D9F493C5DAF410EE04F0DE50E126C2
:10EDE000DD50E222E750946F956B94519B5D9551F5
:10EDF0009C59D8A0C0D792C569F593C56AF523EC94
:10EE0000CDF0020AD8B409D092C569F593C56AF568
:10EE100023ECCDF0050AD8A410D6050120EEA1F010
:10EE20009051D9269151DA22DEC494F5DDC495F5CE
:10EE30009051945F9151955BA70E9425986FFF0EAA
:10EE40009521996F90C56DF591C56EF5590E902578
:10EE50006F6F000E9121706F98C571F599C572F5AD
:10EE600092C561F593C562F5EBECCBF061C573F526
:10EE700062C574F581ECCCF09A6F590E9025946FB1
:10EE8000000E9121956F20EEA1F09051D92691515D
:10EE9000DA2294C5DEF495C5DDF420EE56F09051EB
:10EEA000D9269151DA22DF6A9A51D8A451D020EEA6
:10EEB0005AF09051D9269151DA22DF50C00B400A06
:10EEC000D8A423D090C580F591C581F520EE02F03D
:10EED0009051D9269151DA2210EE10F0DE50E12641
:10EEE000DD50E222E6C482F5E5C483F592C561F502
:10EEF00093C562F5EBECCBF061C584F562C585F591
:10EF0000800E866FACECBBF047D090C580F591C504
:10EF100081F520EE02F09051D9269151DA2210EEBF
:10EF200010F0DE50E126DD50E222E6C482F5E5C4B1
:10EF300083F592C561F593C562F5EBECCBF061C545
:10EF400084F562C585F5000E866FACECBBF024D06D
:10EF500090C580F591C581F520EE02F09051D9263B
:10EF60009151DA2210EE10F0DE50E126DD50E2225F
:10EF7000E6C482F5E5C483F592C561F593C562F5F3
:10EF8000EBECCBF061C584F562C585F5100E876F9B
:10EF9000400E866FA8ECB5F090C5D9F491C5DAF4AF
:10EFA000DEC494F5DDC495F594C5D9F495C5DAF4BD
:10EFB000DEC48AF5DDC48BF5C80E8C6F000E8D6F34
:10EFC000000E8E6F000E8F6F34ECCDF036D5366E9E
:10EFD0003650120D420EF324376E080EF420386EB0
:10EFE00020EE0BF03750D9263850DA22DF50D8B453
:10EFF000BFD020EE10F03750D9263850DA22DF503B
:10F00000D8B40ED020EE0EF03750D9263850DA2280
:10F01000DF50D8A405D049ECCAF00009D8A4A8D084
:10F0200020EE0BF03750D9263850DA22DF6A20EE76
:10F030000CF03750D9263850DA22DF50D8B435D00A
:10F0400020EE08F03750D9263850DA22DF50D8A405
:10F0500011D020EE02F03750D9263850DA2237C5C9
:10F06000E1F438C5E2F4DE50E61814E1DE50E618AB
:10F07000D8A410D01C50D8A405D0010E2B6E365049
:10F0800075ECCDF020EE0EF03750D9263850DA224C
:10F09000DF6A120020EE0FF03750D9263850DA22FE
:10F0A000010EDF6E20EE09F033D020EE09F037506C
:10F0B000D9263850DA22DF50D8A411D020EE02F041
:10F0C0003750D9263850DA2237C5E1F438C5E2F492
:10F0D000DE50E61814E1DE50E618D8A410D01C501B
:10F0E000D8A405D0000E2B6E365075ECCDF020EE76
:10F0F0000EF03750D9263850DA22DF6A120020EE9F
:10F100000FF03750D9263850DA22DF6A20EE08F0A7
:10F110003750D9263850DA22DF6A20EE0DF037500A
:10F12000D9263850DA22010EDF6E20EE0EF037506D
:10F13000D9263850DA22010EDF6E3650070DF40E54
:10F14000F324D96E140EF420DA6EDF50D8B409D04F
:10F1500020EE11F03750D9263850DA221EC5DFF4E0
:10F1600007D020EE11F03750D9263850DA22DF6A66
:10F1700020EE0DF03750D9263850DA22DF50D8B4BF
:10F18000120020EE0EF03750D9263850DA22DF5028
:10F19000D8B4120020EE0FF03750D9263850DA22BA
:10F1A000DF50D8B430D020EE02F03750D926385096
:10F1B000DA2210EE06F03750E1263850E222DE5017
:10F1C000E61812E1DE50E618D8A40ED01C50D8A4E0
:10F1D0000BD020EE0FF03750D9263850DA22DF500E
:10F1E0002B6E365055ECCDF037C5D9F438C5DAF46E
:10F1F000DEC434F5DDC435F53650070DF10EF324C9
:10F20000D96E140E2FD037C5D9F438C5DAF410EE04
:10F2100006F03750E1263850E222DE50E61812E1BF
:10F22000DE50E618D8A40ED01C50D8A40BD020EE87
:10F230000FF03750D9263850DA22DF502B6E365077
:10F2400055ECCDF020EE02F03750D9263850DA22B6
:10F25000DEC434F5DDC435F53650070DF00EF32469
:10F26000D96E140EF420DA6EDF502D6E2E6AA10EC8
:10F270002D24F66ECB0E2E20F76EF86A000EF822C3
:10F280000800F550316E326A20EE06F03750D9266C
:10F290003850DA223450DE5C3550DE58D8B098D081
:10F2A00020EE04F03750D9263850DA2210EE06F05E
:10F2B0003750E1263850E222DE50E65CDE50E65858
:10F2C000D8B002D0010E01D0000E336E20EE06F051
:10F2D0003750D9263850DA223150DE263250DD221E
:10F2E0003350D8B420D020EE04F03750D92638500F
:10F2F000DA2210EE06F03750E1263850E222DE50D6
:10F30000E65CDE50E658D8A00ED01C50D8A40BD036
:10F3100020EE0FF03750D9263850DA22DF502B6E0E
:10F32000365065ECCDF020EE06F03750D926385037
:10F33000DA223450DE5C3550DE58D8A0120020EEC0
:10F3400006F03750D9263850DA2234C5DEF435C5F8
:10F35000DDF41C50D8A40BD020EE0FF03750D92686
:10F360003850DA22DF502B6E365075ECCDF020EE9F
:10F370000FF03750D9263850DA2210EE08F0375007
:10F38000E1263850E222DFC4E7F420EE09F03750DE
:10F39000D9263850DA2210EE0FF03750E1263850D7
:10F3A000E222E750D8A402D0010E01D0000EDF6E99
:10F3B00020EE0EF03750D9263850DA22DF6A20EEE0
:10F3C0000AF03750D9263850DA22010EDF6E1200CB
:10F3D00020EE06F03750D9263850DA2210EE04F02D
:10F3E0003750E1263850E222DE50E65CDE50E65827
:10F3F000D8B002D0010E01D0000E336E20EE06F020
:10F400003750D9263850DA223150DE5E3250DD5A7C
:10F410003350D8B420D020EE06F03750D9263850DB
:10F42000DA2210EE04F03750E1263850E222DE50A6
:10F43000E65CDE50E658D8A00ED01C50D8A40BD005
:10F4400020EE0FF03750D9263850DA22DF502B6EDD
:10F45000365065ECCDF020EE06F03750D926385006
:10F46000DA22DE50345CDE503558D8A0120020EE8F
:10F4700006F03750D9263850DA2234C5DEF435C5C7
:10F48000DDF41C50D8A40BD020EE0FF03750D92655
:10F490003850DA22DF502B6E365075ECCDF020EE6E
:10F4A0000FF03750D9263850DA2210EE08F03750D6
:10F4B000E1263850E222DFC4E7F420EE09F03750AD
:10F4C000D9263850DA2210EE0FF03750E1263850A6
:10F4D000E222E750D8A402D0010E01D0000EDF6E68
:10F4E00020EE0EF03750D9263850DA22DF6A20EEAF
:10F4F0000AF03750D9263850DA22010EDF6E12009A
:10F50000070120EE09F0E851D926E951DA22DF504F
:10F510000501866F8651F9150009D8A403D08651DC
:10F52000D8A403D086C5F9F5120086AF3FD0800E6F
:10F53000F96FF851D8B41CD0FA51070DB50EF32469
:10F54000826F210EF420836F82C575F583C576F531
:10F55000776B786BFA51120D420EF324D96E080EB8
:10F56000F420DA6EDF50060F796F98ECC0F01BD0F4
:10F57000FA51070DB40EF324826F210EF420836F2D
:10F5800082C575F583C576F5776B786BFA51120DE8
:10F59000440EF324D96E080EF420DA6EDF50060F05
:10F5A000796F98ECC0F017ECB3F0120086A162D02E
:10F5B000010EF96FFA51240DF3C482F5F4C483F5FA
:10F5C00082510701EC250501846F83510701ED216C
:10F5D0000501856F0F0E8425D96E000E8521DA6E28
:10F5E000DE6ADE6ADE6ADD6A070EFA19D8A402D086
:10F5F000FA6B01D0FA2BF851D8B41ED0FA51240D71
:10F60000F3C482F5F4C483F582510701EC250501AA
:10F61000846F83510701ED210501856F0F0E84254D
:10F62000D96E000E8521DA6EFF0EDE6E3F0EDE6EA5
:10F63000FF0EDE6E3F0E76D0FA51240DF3C482F534
:10F64000F4C483F582510701EC250501846F8351D1
:10F650000701ED210501856F0F0E8425D96E000E7F
:10F660008521DA6E000EDE6EC00EDE6E000EDE6EDE
:10F67000C00E58D086A327D0020EF96FFA51240D80
:10F68000F3C482F5F4C483F582510701EC2505012A
:10F69000846F83510701ED210501856F0F0E8425CD
:10F6A000D96E000E8521DA6EDE6ADE6ADE6ADD6AF8
:10F6B000FA51D8A403D0070EFA6F01D0FA07F85117
:10F6C000D8A49CD7B9D786AD0AD0400EF96FF851AF
:10F6D000D8B402D0F86BB0D7010EF86F8FD786A5DB
:10F6E00048D0040EF96FF851D8B41ED0FA51120D5B
:10F6F000420EF324D96E080EF420DA6EEB0EDE5CB7
:10F70000010EDE58D8B007D0FA51120D420EF32484
:10F71000D96E080E1DD0FA51120D420EF324D96E87
:10F72000080E21D0DD6EDBD0FA51120D440EF32409
:10F73000D96E080EF420DA6EEB0EDE5C010EDE5898
:10F74000D8B00BD0FA51120D440EF324D96E080E26
:10F75000F420DA6E0A0EDE2670D0FA51120D440E35
:10F76000F324D96E080EF420DA6EF40EDE6E010E6C
:10F77000D9D786A746D0080EF96FF851D8B41CD057
:10F78000FA51120D420EF324D96E080EF420DA6EEF
:10F79000040EDE5C010EDE58D8A007D0FA51120D1F
:10F7A000420EF324D96E080E1BD0FA51120D420EF0
:10F7B000F324D96E080E1FD0FA51120D440EF32413
:10F7C000D96E080EF420DA6E040EDE5C010EDE58EF
:10F7D000D8A00BD0FA51120D440EF324D96E080EA6
:10F7E000F420DA6E0A0EDE5E78D0FA51120D440E65
:10F7F000F324D96E080EF420DA6EFA0EDE6E000ED7
:10F8000091D786A935D0100EF96FF851D8B418D019
:10F81000FA51120D420EF324D96E080EF420DA6E5E
:10F82000F40EDE5C010EDE58D8B075D7FA51120D19
:10F83000420EF324D96E080E17D0000EDD224FD0F1
:10F84000FA51120D440EF324D96E080EF420DA6E2C
:10F85000F40EDE5C010EDE58D8B05DD7FA51120D01
:10F86000440EF324D96E080EF420DA6EDE2AE5D7B2
:10F8700086AB1200200EF96FF851D8B416D0FA51A9
:10F88000120D420EF324D96E080EF420DA6E010E2A
:10F89000DB5004E1FB0EDE5CD8A0A7D7FA51120DB5
:10F8A000420EF324D96E080E15D0FA51120D440EF3
:10F8B000F324D96E080EF420DA6E010EDB5004E159
:10F8C000FB0EDE5CD8A091D7FA51120D440EF32442
:10F8D000D96E080EF420DA6EDE06000EDD5AFA51FB
:10F8E000120D4D0EF324D96E080EF420DA6E010EBF
:10F8F000DF6EFA51120D4B0EF324D96E080EF42070
:10F90000DA6EDF6AFA51120D4A0EF324D96E080E30
:10F91000F420DA6EDF6AF851D8B40BD0FA51120D28
:10F920004E0EF324D96E080EF420DA6E010EDF6E4F
:10F930001200FA51120D4E0EF324D96E080EF42067
:10F94000DA6EDF6A1200B1ECC1F061C57EF562C506
:10F950007FF563C580F564C581F5E00E7E15826F85
:10F96000FF0E7F15836F000E8015846F000E8115CA
:10F97000856F20EE08F07451D9267551DA22825134
:10F98000DE180AE18351DE1807E18451DE1804E134
:10F990008551DE18D8B4FCD020EE08F07451D92679
:10F9A0007551DA2282C5DEF483C5DEF484C5DEF447
:10F9B00085C5DEF4010E656F20EE1BF07451D9266B
:10F9C0007551DA22DF5068ECCAF0010E656F20EE47
:10F9D0001BF07451D9267551DA22DF50A4ECCAF01D
:10F9E00020EE1BF07451D9267551DA22DF50D4EC89
:10F9F000CBF0766F20EE0EF07451D9267551DA22D5
:10FA0000DE507619D8A403D0786B782B02D005018C
:10FA1000786B20EE0DF07451D9267551DA2278C535
:10FA2000DFF4000E656F20EE1BF07451D92675517E
:10FA3000DA22DF50A4ECCAF020EE0CF07451D92683
:10FA40007551DA2210EE0DF07451E1267551E22263
:10FA5000DE50E618D8B40FD020EE0DF07451D92640
:10FA60007551DA2210EE0CF07451E1267551E22244
:10FA7000DFC4E7F48DD020EE0DF07451D926755116
:10FA8000DA2210EE21F07451E1267551E222DE50A7
:10FA9000E618D8B455D020EE0DF07451D926755122
:10FAA000DA2210EE21F07451E1267551E222DFC412
:10FAB000E7F420EE22F07451D9267551DA22010EB6
:10FAC000DF6E20EE13F07451D9267551DA22DEC4B0
:10FAD00076F5DEC477F5DEC478F5DEC479F5200E60
:10FAE00076257A6F000E77217B6F000E78217C6F70
:10FAF000000E79217D6F20EE17F07451D9267551D3
:10FB0000DA227AC5DEF47BC5DEF47CC5DEF47DC581
:10FB1000DEF474C5D9F475C5DAF47EC5DEF47FC5AC
:10FB2000DEF480C5DEF481C5DEF420EE13F07451FE
:10FB3000D9267551DA22DE6ADE6ADE6ADD6A28D0ED
:10FB400074C5D9F475C5DAF4DEC476F5DEC477F58C
:10FB5000DEC478F5DEC479F5B1ECC1F07651615DB3
:10FB60007A6F775162597B6F785163597C6F795105
:10FB700064597D6F20EE13F07451D9267551DA2245
:10FB80007AC5DEF47BC5DEF47CC5DEF47DC5DEF42B
:10FB9000C00E7E15826FFF0E7F15836F000E8015DD
:10FBA000846F000E8115856F20EE04F07451D92604
:10FBB0007551DA228251DE180AE18351DE1807E11D
:10FBC0008451DE1804E18551DE18D8B4120020EE0D
:10FBD00004F07451D9267551DA2282C5DEF483C54A
:10FBE000DEF484C5DEF485C5DEF420EE0FF074513A
:10FBF000D9267551DA22DFA032D020EE20F07451E0
:10FC0000D9267551DA2210EE0EF07451E1267551A5
:10FC1000E222E750D8B402D0010E01D0000EDF6E10
:10FC200020EE0FF07451D9267551DA22DEC476F534
:10FC3000DEC477F5DEC478F5DEC479F5D890793383
:10FC4000783377337633000E76117A6F000E7711A2
:10FC50007B6F000E78117C6F800E791131D020EE11
:10FC600020F07451D9267551DA2210EE0EF074513D
:10FC7000E1267551E222E750D8A402D0010E01D04E
:10FC8000000EDF6E20EE0FF07451D9267551DA2286
:10FC9000DEC476F5DEC477F5DEC478F5DEC479F52A
:10FCA000D8907933783377337633FF0E76157A6FC1
:10FCB000FF0E77157B6FFF0E78157C6F7F0E791521
:10FCC0007D6F20EE0FF07451D9267551DA227AC576
:10FCD000DEF47BC5DEF47CC5DEF47DC5DEF420EE0B
:10FCE0001CF07451D9267551DA22DFA013D020EE12
:10FCF00020F07451D9267551DA2210EE0EF07451AD
:10FD0000E1267551E222E750D8B402D0010E01D0AD
:10FD1000000EDF6E20EE1CF07451D9267551DA22E8
:10FD2000DEC476F5DEC477F5DEC478F5DEC479F599
:10FD3000D890793378337733763320EE1CF07451D2
:10FD4000D9267551DA2276C5DEF477C5DEF478C59A
:10FD5000DEF479C5DEF420EE23F07451D926755116
:10FD6000DA22DF50D8B4120020EE20F07451D926E8
:10FD70007551DA22DF50656F20EE1BF07451D926E1
:10FD80007551DA22DF50C2ECCAF01200ADC561F540
:10FD9000AEC562F516ECC7F0B40E611913E1150E8D
:10FDA0006219D8A40FD0ABC590F5ACC591F5ADC51F
:10FDB00092F5AEC593F5D9ECACF00009D8A4F5D115
:10FDC000000E1200ADC561F5AEC562F516ECC7F0C8
:10FDD000940E61190FE1150E6219D8A40BD0ABC5B2
:10FDE00096F5ACC597F5ADC598F5AEC599F5A7ECF8
:10FDF000A4F0DBD1ADC561F5AEC562F516ECC7F078
:10FE0000440E61190FE1150E6219D8A40BD0ABC5D1
:10FE100090F5ACC591F5ADC592F5AEC593F533EC53
:10FE2000AEF0C3D1ADC561F5AEC562F516ECC7F055
:10FE3000F40E611903E1180E6219D8A4B9D0BC0EF2
:10FE4000696F050E6A6FADC5D9F4AEC5DAF4DEC4CC
:10FE5000AFF5DDC4B0F5050EAF256B6F000EB02118
:10FE60006C6F000E6E6F080E6D6FE8ECC8F0C46921
:10FE7000C56986D020EE08F0AB51D926AC51DA2204
:10FE8000DEC4AFF5DDC4B0F5C451AF25D96EC551A0
:10FE9000B021DA6EDF50B56F090EC403F3C4AFF5BD
:10FEA000F4C4B0F5C503F350B02720EE06F0AB5113
:10FEB000D926AC51DA22DEC4B1F5DDC4B2F5AF51BA
:10FEC000B125B36FB051B221B46F080EB325D96E0E
:10FED000000EB421DA6EDFAA47D0B551C1ECADF007
:10FEE0000009D8B441D0090EC403F3C4AFF5F4C47B
:10FEF000B0F5C503F350B02720EE06F0AB51D9267C
:10FF0000AC51DA22DEC4B1F5DDC4B2F5AF51B12592
:10FF1000B36FB051B221B46F080EB325D96E000E85
:10FF2000B421DA6E000EDB8020EE10F0AB51D92642
:10FF3000AC51DA22C451DE5CD8A003D0C4C5B7F5F9
:10FF40000AD020EE10F0AB51D926AC51DA22DF50A6
:10FF5000AF6FAF51B76FB86B20EE10F0AB51D92631
:10FF6000AC51DA22B7C5DFF4C44BC52BC5BF08D0EE
:10FF7000C55105E1CE0EC45DD8B017D101D015D161
:10FF8000ABC568F5ACC569F5BC0E6A6F050E6B6F45
:10FF9000C4C56CF5C5C56DF549EC9AF068C5C4F5E6
:10FFA00069C5C5F5C42903E1C529D8B4FED062D717
:10FFB000ADC561F5AEC562F516ECC7F0140E61195A
:10FFC00003E1190E6219D8A4B7D0BC0E696F050EF3
:10FFD0006A6FADC5D9F4AEC5DAF4DEC4AFF5DDC4E1
:10FFE000B0F5050EAF256B6F000EB0216C6F000EE3
:10FFF0006E6F080E6D6FE8ECC8F0C669C76984D0F3
:020000040001F9
:1000000020EE08F0AB51D926AC51DA22DEC4AFF5B0
:10001000DDC4B0F5C651AF25D96EC751B021DA6E37
:10002000DF50B66F090EC603F3C4AFF5F4C4B0F5E4
:10003000C703F350B02720EE06F0AB51D926AC51E0
:10004000DA22DEC4B1F5DDC4B2F5AF51B125B36F2C
:10005000B051B221B46F080EB325D96E000EB42191
:10006000DA6EDFAC47D0B651C1ECADF00009D8B4C0
:1000700041D0090EC603F3C4AFF5F4C4B0F5C7030D
:10008000F350B02720EE06F0AB51D926AC51DA225E
:10009000DEC4B1F5DDC4B2F5AF51B125B36FB051D7
:1000A000B221B46F080EB325D96E000EB421DA6EFA
:1000B000000EDB8020EE10F0AB51D926AC51DA22D5
:1000C000C651DE5CD8A003D0C6C5B9F50AD020EE73
:1000D00010F0AB51D926AC51DA22DF50AF6FAF51DF
:1000E000B96FBA6B20EE10F0AB51D926AC51DA22C1
:1000F000B9C5DFF4C64BC72BC7BF06D0C75155E102
:10010000CE0EC65DD8B051D0ABC568F5ACC569F5AB
:10011000BC0E6A6F050E6B6FC6C56CF5C7C56DF575
:1001200049EC9AF068C5C6F569C5C7F5C62903E16B
:10013000C729D8B43AD064D7ADC569F5AEC56AF55C
:100140006CECC9F00009D8B43BD6BB6BBB51C1EC19
:10015000ADF00009D8B41ED0BB51090DF3C4AFF502
:10016000F4C4B0F520EE06F0AB51D926AC51DA223A
:10017000DEC4B1F5DDC4B2F5AF51B125B36FB051F6
:10018000B221B46F080EB325D96E000EB421DA6E19
:10019000000EDB80BB2BCD0EBB65D8D720EE10F058
:1001A000AB51D926AC51DA22DF6A010E120020EEE3
:1001B00010F0AB51D926AC51DA22CE0EDE18D8B4ED
:1001C0001200100EAB25BC6F000EAC21BD6FBCC57C
:1001D000D9F4BDC5DAF4DF50AD6FAD51090DF3C4EC
:1001E000AEF5F4C4AFF520EE06F0AB51D926AC5114
:1001F000DA22DEC4B0F5DDC4B1F5AE51B025B26F80
:10020000AF51B121B36F080EB225BE6F000EB321FE
:10021000BF6FB8D1BEC5D9F4BFC5DAF4DF50AD6F3A
:10022000130EAD17D8A40AD0BCC5D9F4BDC5DAF4F5
:10023000DF2A090EBE27000EBF23A4D1BEC5D9F404
:10024000BFC5DAF4DFA0C6D0BEC5D9F4BFC5DAF4A5
:10025000FE0EDF16BEC5D9F4BFC5DAF4DFAC5AD046
:10026000BCC5D9F4BDC5DAF4DF50AD6FAD51090D91
:10027000F3C4AEF5F4C4AFF520EE06F0AB51D926C9
:10028000AC51DA22DEC4B0F5DDC4B1F5AE51B02513
:10029000D96EAF51B121DA6E11EEB4F1070EDBC4A5
:1002A000E3F4E806FCE220EE0CF0AB51D926AC51A9
:1002B000DA22DEC489F5DDC48AF5B40E8B6F050E33
:1002C0008C6FABC583F5ACC584F5D9ECA8F083C5BC
:1002D0008DF584C58EF51FECC4F020EE0CF0AB510B
:1002E000D926AC51DA22DEC4ADF5DDC4AEF5ADC51C
:1002F000D9F4AEC5DAF4DEC48AF5DDC48BF5000EA0
:100300008C6F000E8D6F000E8E6F000E8F6F34ECB1
:10031000CDF01200BEC5D9F4BFC5DAF4DFAA32D1E0
:10032000BCC5D9F4BDC5DAF4DF50AD6FAD51090DD0
:10033000F3C4AEF5F4C4AFF520EE06F0AB51D92608
:10034000AC51DA22DEC4B0F5DDC4B1F5AE51B02552
:10035000D96EAF51B121DA6E11EEB4F1070EDBC4E4
:10036000E3F4E806FCE220EE0CF0AB51D926AC51E8
:10037000DA22DEC489F5DDC48AF5B40E8B6F050E72
:100380008C6FABC583F5ACC584F5D9ECA8F083C5FB
:100390008DF584C58EF5ACECC4F020EE0CF0AB51BD
:1003A000D926AC51DA22DEC4ADF5DDC4AEF5ADC55B
:1003B000D9F4AEC5DAF4DEC48AF5DDC48BF5000EDF
:1003C0008C6F000E8D6F000E8E6F000E8F6F34ECF1
:1003D000CDF01200BEC5D9F4BFC5DAF4DFA266D0F5
:1003E000BCC5D9F4BDC5DAF4DF50AD6FAD51090D10
:1003F000F3C4AEF5F4C4AFF520EE06F0AB51D92648
:10040000AC51DA22DEC4B0F5DDC4B1F5AE51B02591
:10041000D96EAF51B121DA6E11EEB4F1070EDBC423
:10042000E3F4E806FCE2BEC5D9F4BFC5DAF4FD0E7C
:10043000DF1620EE0CF0AB51D926AC51DA22DEC427
:1004400077F5DDC478F5B40E796F050E7A6F4EEC52
:10045000C4F0ABC590F5ACC591F520EE0CF0AB51F6
:10046000D926AC51DA22DEC492F5DDC493F5D9EC7D
:10047000ACF020EE0CF0AB51D926AC51DA22DEC440
:10048000ADF5DDC4AEF5ADC5D9F4AEC5DAF4DEC464
:100490008AF5DDC48BF5000E8C6F000E8D6F000E9B
:1004A0008E6F000E8F6F34ECCDF01200BEC5D9F404
:1004B000BFC5DAF4DFA866D0BCC5D9F4BDC5DAF48F
:1004C000DF50AD6FAD51090DF3C4AEF5F4C4AFF517
:1004D00020EE06F0AB51D926AC51DA22DEC4B0F5DD
:1004E000DDC4B1F5AE51B025D96EAF51B121DA6E90
:1004F00011EEB4F1070EDBC4E3F4E806FCE2BEC57E
:10050000D9F4BFC5DAF4EF0EDF1620EE0CF0AB51D4
:10051000D926AC51DA22DEC477F5DDC478F5B40E05
:10052000796F050E7A6F7DECC4F0ABC596F5ACC55E
:1005300097F520EE0CF0AB51D926AC51DA22DEC48F
:1005400098F5DDC499F5A7ECA4F020EE0CF0AB51C2
:10055000D926AC51DA22DEC4ADF5DDC4AEF5ADC5A9
:10056000D9F4AEC5DAF4DEC48AF5DDC48BF5000E2D
:100570008C6F000E8D6F000E8E6F000E8F6F34EC3F
:10058000CDF01200BCC5D9F4BDC5DAF4CD0EDF64E0
:1005900041D61200AB0E0501616F0A0E626F110E9B
:1005A000636F010E646FC80E656F040E666FC00E38
:1005B000676F040E686F110E696F040E6A6FD00EBC
:1005C0006B6F040E6C6F7AECC1F0B50E616F0A0EA2
:1005D000626F120E636F020E646FC80E656F040EB9
:1005E000666FC00E676F040E686F110E696F040EA0
:1005F0006A6FD00E6B6F040E6C6F7AECC1F0BF0E99
:10060000616F0A0E626F130E636F040E646FC80E83
:10061000656F040E666FC00E676F040E686F110E73
:10062000696F040E6A6FD00E6B6F040E6C6F7AECFC
:10063000C1F0C90E616F0A0E626F140E636F080E6F
:10064000646FC80E656F040E666FC00E676F040E90
:10065000686F110E696F040E6A6FD00E6B6F040E17
:100660006C6F7AECC1F0D30E616F0A0E626F150EDB
:10067000636F100E646FC80E656F040E666FC00E58
:10068000676F040E686F110E696F040E6A6FD00EEB
:100690006B6F040E6C6F7AECC1F0DD0E616F0A0EA9
:1006A000626F160E636F200E646FC80E656F040EC6
:1006B000666FC00E676F040E686F110E696F040ECF
:1006C0006A6FD00E6B6F040E6C6F7AECC1F0E70EA0
:1006D000616F0A0E626F170E636F400E646FC80E73
:1006E000656F040E666FC00E676F040E686F110EA3
:1006F000696F040E6A6FD00E6B6F040E6C6F7AEC2C
:10070000C1F0F10E616F0A0E626F180E636F800EFA
:10071000646FC80E656F040E666FC00E676F040EBF
:10072000686F110E696F040E6A6FD00E6B6F040E46
:100730006C6F7AECC1F05B0E616F0A0E626F190E7E
:10074000636F010E646FC90E656F040E666FC10E94
:10075000676F040E686F190E696F040E6A6FD10E11
:100760006B6F040E6C6F7AECC1F0650E616F0A0E50
:10077000626F1A0E636F020E646FC90E656F040E0E
:10078000666FC10E676F040E686F190E696F040EF5
:100790006A6FD10E6B6F040E6C6F7AECC1F06F0E46
:1007A000616F0A0E626F1B0E636F040E646FC90ED9
:1007B000656F040E666FC10E676F040E686F190EC9
:1007C000696F040E6A6FD10E6B6F040E6C6F7AEC5A
:1007D000C1F0790E616F0A0E626F1C0E636F080E16
:1007E000646FC90E656F040E666FC10E676F040EED
:1007F000686F190E696F040E6A6FD10E6B6F040E6D
:100800006C6F7AECC1F0830E616F0A0E626F1D0E81
:10081000636F100E646FC90E656F040E666FC10EB4
:10082000676F040E686F190E696F040E6A6FD10E40
:100830006B6F040E6C6F7AECC1F08D0E616F0A0E57
:10084000626F1E0E636F200E646FC90E656F040E1B
:10085000666FC10E676F040E686F190E696F040E24
:100860006A6FD10E6B6F040E6C6F7AECC1F0970E4D
:10087000616F0A0E626F1F0E636F400E646FC90EC8
:10088000656F040E666FC10E676F040E686F190EF8
:10089000696F040E6A6FD10E6B6F040E6C6F7AEC89
:1008A000C1F0A10E616F0A0E626F200E636F800EA1
:1008B000646FC90E656F040E666FC10E676F040E1C
:1008C000686F190E696F040E6A6FD10E6B6F040E9C
:1008D0006C6F7AECC1F0DF0E616F070E626F000E75
:1008E000636FD10E646F070E656FAB0E666F0A0EF5
:1008F000676F550E686F160E696FEEECC5F0E70E68
:10090000616F070E626F010E636FC30E646F070E97
:10091000656F5B0E666F0A0E676F350E686F150E9A
:10092000696FEEECC5F0DF0E726F070E736F65EC4A
:10093000ACF0E70E726F070E736F65ECACF012004F
:1009400098D1F6C8D9F4F7C8DAF4DEC461F5DDC48D
:1009500062F5E0ECCAF061C5ECF962C5EDF9090198
:10096000EC51ED11D8B41200080120EE4EF0F65112
:10097000D926F751DA22DF6AECC9D9F4EDC9DAF4E5
:10098000200EDF6E090120EE01F0EC51D926ED5169
:10099000DA22820EDF6E20EE02F0EC51D926ED5104
:1009A000DA226E0EDF6E20EE03F0EC51D926ED5107
:1009B000DA22DF6A20EE04F0EC51D926ED51DA227A
:1009C000F00EDF6E20EE05F0EC51D926ED51DA2263
:1009D000FF0EDF6E20EE06F0EC51D926ED51DA2243
:1009E000FB0EDF6EF6C8D9F4F7C8DAF4DEC461F5A1
:1009F000DDC462F5000E0501646F070E636F080128
:100A000020EE4CF0F651D926F751DA22DEC465F516
:100A1000DDC466F5FBECBCF01200F6C8D9F4F7C8EB
:100A2000DAF4DEC461F5DDC462F5E0ECCAF061C55C
:100A3000EEF962C5EFF90901EE51EF11D8B41200D9
:100A4000080120EE4EF0F651D926F751DA22DF6A7E
:100A5000EEC9D9F4EFC9DAF4200EDF6E090120EEF9
:100A600001F0EE51D926EF51DA22860EDF6E080131
:100A700020EE02F0F851D926F951DA22090110EEE0
:100A800002F0EE51E126EF51E222DFC4E7F4F6C8AE
:100A900063F5F7C864F5080120EE02F0F851D92695
:100AA000F951DA22DF500501656F1DECBBF063C51B
:100AB000E8F964C5E9F965C5EAF966C5EBF9090124
:100AC00020EE03F0EE51D926EF51DA22EBC9DFF424
:100AD00020EE04F0EE51D926EF51DA22EAC9DFF414
:100AE00020EE05F0EE51D926EF51DA22E9C9DFF404
:100AF00020EE06F0EE51D926EF51DA22E8C9DFF4F4
:100B0000080120EE02F0F851D926F951DA22DE2848
:100B1000D8B40AD020EE02F0F851D926F951DA22E1
:100B2000FC0EDE18D8A40AD0090120EE07F0EE5121
:100B3000D926EF51DA22010EDF6E08D0090120EE2E
:100B400007F0EE51D926EF51DA22DF6A080120EED4
:100B500002F0F851D926F951DA22FA0EDF6409D0F1
:100B6000090120EE01F0EE51D926EF51DA22870E6D
:100B7000DF6EF6C8D9F4F7C8DAF4DEC461F5DDC477
:100B800062F5000E0501646F080E636F080120EE28
:100B90004CF0F651D926F751DA22DEC465F5DDC4F2
:100BA00066F5FBECBCF01200080120EE58F0F6519F
:100BB000D926F751DA22DE50DE10DE10D8B420D06C
:100BC000000E0501E86F000EE76F000EEA6F000EE1
:100BD000E96F000EEC6FA80EEB6F080120EE58F0E5
:100BE000F651D926F751DA2201D80AD00500FA6E5B
:100BF000DE50FD6EDE50FE6EDE50FF6EFA501200CB
:100C0000080120EE4EF0F651D926F751DA22DF6ABC
:100C10001200080120EE4EF0F651D926F751DA22E3
:100C2000DF6A20EE55F0F651D926F751DA22DE5070
:100C3000DE10DE10D8B412D020EE55F0F651D926D1
:100C4000F751DA2201D812000500FA6EDE50FD6E6F
:100C5000DE50FE6EDE50FF6EFA501200FF001200F2
:100C6000DDECCCF0120045ECCDF01200BBECCBF08B
:100C70001200080120EE01F0F851D926F951DA22CC
:100C8000DF500501ED6FEE6BEE51000AD8A41200A3
:100C9000ED51800AD8B455D6040AD8B4BED6240A79
:100CA000D8B4E1D7010AD8B4DBD7090AD8B47CD7C5
:100CB000010AD8B4AED7030AD8A41200D7D776C594
:100CC000C6F577C5C7F57B05D8B01200000EC46F16
:100CD000060EC56F7A51C425D96E7B51C521DA6ED7
:100CE000DF6A000ECD6F000ECC6F000E856F000E18
:100CF000846FFF0E7825866FFF0E7921876F840E33
:100D00007F6F050E806FD890CC35D96ECD35DA6EF9
:100D1000D890D936DA367F51D9268051DA22DEC40E
:100D2000C8F5DDC4C9F5CCC57FF5CDC580F5D89033
:100D30007F378037D8907F378037020E7F27000EAD
:100D40008023840E7F25D96E050E8021DA6EDEC4E5
:100D5000CAF5DDC4CBF5CC07D8A0CD07C8C5CEF504
:100D6000C9C5CFF5CAC5D0F5CBC5D1F5C4C569F5A0
:100D7000C5C56AF5D051CE25616FD151CF21626FC3
:100D8000000E646F020E636FBAECBCF07A5161031F
:100D9000F3C47FF5F4C480F56203F35080277B51E0
:100DA0006103F35080277F51C6256B6F8051C721A7
:100DB0006C6F7AC56DF57BC56EF5E8ECC8F002D0B6
:100DC000CE4BCF2B7A51CE03F3C47FF5F4C480F51C
:100DD000CF03F35080277B51CE03F35080277F5100
:100DE000C625686F8051C721696FC4C56AF5C5C53E
:100DF0006BF501D80AD00500FA6E7C51FD6E7D516D
:100E0000FE6E7E51FF6EFA50120069AF04D0D8D743
:100E1000D007D8A0D107C4C568F5C5C569F57A5112
:100E2000D003F3C47FF5F4C480F5D103F3508027D9
:100E30007B51D003F35080277F51C6256A6F8051C4
:100E4000C7216B6F01D80AD00500FA6E7C51FD6E88
:100E50007D51FE6E7E51FF6EFA50120069BFD8D7E9
:100E6000CE51D05DD151800A7F6FCF51800A7F591A
:100E7000D8A031D07AC561F57BC562F57A51CE0331
:100E8000F3C47FF5F4C480F5CF03F35080277B5182
:100E9000CE03F35080277F51C625636F8051C72151
:100EA000646F7A51D003F3C481F5F4C482F5D103A1
:100EB000F35082277B51D003F35082278151C625FE
:100EC000656F8251C721666FADECC7F0CE4BCF2B5B
:100ED000D007D8A0D107CE51D05DD151800A7F6F05
:100EE000CF51800A7F59D8B06DD7CE51CA5D7F6F80
:100EF000CF51CB59806FC851D05D816FC951D15945
:100F0000826F7F51815D8251800A836F8051800A98
:100F10008359D8B03DD0CA51CE5DCF51800A7F6F82
:100F2000CB51800A7F59D8B02ED0CC4BCD2B840E1C
:100F30007F6F050E806FD890CC35D96ECD35DA6EC7
:100F4000D890D936DA367F51D9268051DA22CEC5EB
:100F5000DEF4CFC5DDF4CCC57FF5CDC580F5D890E6
:100F60007F378037D8907F378037020E7F27000E7B
:100F70008023840E7F25D96E050E8021DA6ECAC5C6
:100F8000DEF4CBC5DDF4D0C5CAF5D1C5CBF53CD078
:100F9000D051C85DC951800A7F6FD151800A7F59F5
:100FA000D8B02ED0CC4BCD2B840E7F6F050E806F2A
:100FB000D890CC35D96ECD35DA6ED890D936DA36B0
:100FC0007F51D9268051DA22C8C5DEF4C9C5DDF4C7
:100FD000CCC57FF5CDC580F5D8907F378037D890C8
:100FE0007F378037020E7F27000E8023840E7F25F7
:100FF000D96E050E8021DA6ED0C5DEF4D1C5DDF4E0
:10100000CEC5C8F5CFC5C9F5CA51C85DC951800A5A
:101010007F6FCB51800A7F59D8A0A0D6CDBF1200D8
:101020006ED620EE0CF06151D9266251DA22DEC470
:1010300063F5DEC464F5DEC465F5DEC466F5100E46
:1010400005D0D8906633653364336333E82EF9D71F
:10105000FF0E6315676F010E6415686F000E65154E
:10106000696F000E66156A6F20EE08F06151D9268F
:101070006251DA22DEC46BF5DEC46CF5DEC46DF5B8
:10108000DEC46EF5090ED8906B376C376D376E374E
:10109000E82EF9D767516B116F6F68516C11706F43
:1010A00069516D11716F6A516E11726FFF0E6F157C
:1010B000776FFF0E7015786FFF0E7115796F000E48
:1010C00072157A6F20EE0CF06151D9266251DA2246
:1010D000DEC463F5DEC464F5DEC465F5DEC466F522
:1010E000090ED8906337643765376637E82EF9D72D
:1010F000FF0E63157B6FFF0E64157C6FFF0E651589
:101100007D6F000E66157E6F20EE0CF06151D926C2
:101110006251DA22DEC463F5DEC464F5DEC465F52F
:10112000DEC466F57B516325676F7C516421686F6F
:101130007D516521696F7E5166216A6FA90E672511
:101140006B6F4B0E68216C6F7A0E69216D6F000E0C
:101150006A216E6F20EE0CF06151D9266251DA22BD
:101160006BC5DEF46CC5DEF46DC5DEF46EC5DEF471
:1011700020EE08F06151D9266251DA22DEC463F50F
:10118000DEC464F5DEC465F5DEC466F5775163251B
:10119000676F78516421686F79516521696F7A5161
:1011A00066216A6FA30E67256B6F0C0E68216C6F4A
:1011B0001B0E69216D6F000E6A216E6F20EE08F024
:1011C0006151D9266251DA226BC5DEF46CC5DEF4BA
:1011D0006DC5DEF46EC5DEF420EE08F06151D9264F
:1011E0006251DA22FF0EDE14636FFF0EDE14646FAD
:1011F000FF0EDE14656F000EDE14666F20EE0CF03D
:101200006151D9266251DA22DEC467F5DEC468F581
:10121000DEC469F5DEC46AF5190E05D0D8906A33CC
:10122000693368336733E82EF9D7675163256B6FED
:10123000000E64216C6F000E65216D6F000E66213B
:101240006E6F20EE08F06151D9266251DA226BC52B
:10125000DEF46CC5DEF46DC5DEF46EC5DEF420EEA2
:101260000CF06151D9266251DA22FF0EDE14636F51
:10127000FF0EDE14646FFF0EDE14656F000EDE14C9
:10128000666F20EE0CF06151D9266251DA2263C5F7
:10129000DEF464C5DEF465C5DEF466C5DEF420EE7A
:1012A0000CF06151D9266251DA22DEC463F5DDC447
:1012B00064F520EE08F06151D9266251DA22DEC4CD
:1012C00065F5DDC466F520EE0CF06151D92662515A
:1012D000DA22DEC467F5DEC468F5DEC469F5DEC473
:1012E0006AF50D0E05D0D8906A33693368336733D9
:1012F000E82EF9D720EE08F06151D9266251DA22A2
:10130000DEC46BF5DEC46CF5DEC46DF5DEC46EF5CF
:101310000D0E05D0D8906E336D336C336B33E82EE1
:10132000F9D767516B196F6F68516C19706F655100
:101330006F19716F66517019726F63517119736F04
:1013400064517219746FFF0E7315756F0F0E74155B
:10135000766F20EE10F06151D9266251DA2275C500
:10136000DEF476C5DDF420EE10F06151D92662512D
:10137000DA22DE50DE10D8A4120053D601D10201C9
:10138000116B000EE7EC77F025EEF4F0DF50D8B4E7
:1013900008D008014F51D8B404D0532F02D04F6B5E
:1013A000506B5AC86BF45BC86CF408016151D8B437
:1013B00003D0180E0201126F6984010EBFD0020122
:1013C000126B010EE7EC77F025EEFBF0DF50D8B49E
:1013D00008D008016151D8B404D0652F02D0616BE8
:1013E000626B6CC86BF46DC86CF408017351D8B4AF
:1013F00003D0180E0201136F6984020E9FD0020100
:10140000136B020EE7EC77F025EE02F1DF50D8B453
:1014100008D008017351D8B404D0772F02D0736B71
:10142000746B7EC86BF47FC86CF408018551D8B426
:1014300003D0180E0201146F6984030E7FD00201DD
:10144000146B030EE7EC77F025EE09F1DF50D8B40A
:1014500008D008018551D8B404D0892F02D0856BFB
:10146000866B90C86BF491C86CF408019751D8B49E
:1014700003D0180E0201156F6984040E5FD00201BB
:10148000156B040EE7EC77F025EE10F1DF50D8B4C1
:1014900008D008019751D8B404D09B2F02D0976B85
:1014A000986BA2C86BF4A3C86CF40801A951D8B416
:1014B00003D0180E0201166F6984050E3FD0020199
:1014C000166B050EE7EC77F025EE17F1DF50D8B478
:1014D00008D00801A951D8B404D0AD2F02D0A96B0F
:1014E000AA6BB4C86BF4B5C86CF40801BB51D8B48E
:1014F00003D0180E0201176F6984060E1FD0020177
:10150000176B060EE7EC77F025EE1EF1DF50D8B42E
:1015100008D00801BB51D8B404D0BF2F02D0BB6B98
:10152000BC6BC6C86BF4C7C86CF40801CD51D8B405
:1015300003D0180E0201186F6984070E1D6E41D08A
:101540000201186B070EE7EC77F025EE25F1DF506E
:10155000D8B408D00801CD51D8B404D0D12F02D0CE
:10156000CD6BCE6B48C86BF449C86CF408014F5181
:10157000D8B403D0180E0201116F69841D6A21D0FE
:101580001D50396E3A6A3A50000AD8A4F8D639503C
:10159000000AD8B4F4D6010AD8B411D7030AD8B4D3
:1015A0002ED7010AD8B44BD7070AD8B468D7010A96
:1015B000D8B485D7030AD8B4A2D7010AD8B4C0D703
:1015C000DED6080141514019D8B412004151020D34
:1015D000000EF324D96E080EF420DA6EDF503F6E51
:1015E0004151020D010EF324D96E080EF420DA6E7B
:1015F000DF50D8A42DD03F50090DF3C439F5F4C401
:101600003AF5395007017B253B6E3A507C213C6E00
:10161000080E3B24D96E000E3C20DA6E000EDB82F1
:101620003F50855DD8A003D03FC53DF502D085C7AA
:101630003DF53E6A3DC585F708014151020D010E99
:10164000F324D96E080EF420DA6E010EDF6E12005C
:101650003F50090DF3C439F5F4C43AF53950070188
:101660007B253B6E3A507C213C6E080E3B24D96EA4
:10167000000E3C20DA6EDFB2120008014151020D6B
:10168000010EF324D96E080EF420DA6EDF6A4129C8
:101690001F0B416F120020EE4CF09051D926915152
:1016A000DA22010EDBBE1200010160A11200050169
:1016B00020EE54F09051D9269151DA22DF50D8B45F
:1016C0000DD090C5D9F491C5DAF4DEC473F5DDC44C
:1016D00074F5030E756FACECC9F00CD090C5D9F45D
:1016E00091C5DAF4DEC473F5DDC474F5040E756FCC
:1016F000ACECC9F020EE4CF09051D9269151DA2291
:10170000010EDBBE0CD0010EDB5004E1080EDE5CE6
:10171000D8A005D0000E996F080E986F0AD020EE61
:101720004CF09051D9269151DA22DEC498F5DDC4EF
:1017300099F590C5D9F491C5DAF4DEC492F5DDC40B
:1017400093F592C5D9F493C5DAF410EE04F0DE50A7
:10175000E126DD50E22298C5E7F4000E9B6F000EF3
:101760009A6F35D020EE52F09051D9269151DA225D
:10177000DEC492F5DDC493F592C5D9F493C5DAF4CD
:1017800090C5E1F491C5E2F4E6C494F5E5C495F59D
:1017900094C5E1F495C5E2F4E6C496F5E5C497F581
:1017A0009A5196279B519723050E9625E16E000EC0
:1017B0009721E26EDFC4E7F420EE52F09051D92673
:1017C0009151DA22DE2A000EDD229A4B9B2B90C526
:1017D000D9F491C5DAF4DEC492F5DDC493F592C56F
:1017E000D9F493C5DAF410EE04F0DE50E126DD50B2
:1017F000E222E750946F956B94519A5D95519B59F5
:10180000D8A0B0D720EE4CF09051D9269151DA22D1
:10181000DEC492F5DDC493F590C5D9F491C5DAF430
:10182000DEC494F5DDC495F594C5D9F495C5DAF414
:1018300010EE04F0DE50E126DD50E222E750966F14
:101840009651925F000E935B20EE4CF09051D9269A
:101850009151DA2292C5DEF493C5DDF420EE4CF00E
:101860009051D9269151DA22DE50DE10D8A42CD026
:1018700020EE4CF09051D9269151DA22FF0EDE6E07
:10188000FF0EDD6E20EE54F09051D9269151DA22F0
:10189000DF50D8B40DD090C5D9F491C5DAF4DEC4C8
:1018A00073F5DDC474F5020E756FACECC9F00CD0A5
:1018B00090C5D9F491C5DAF4DEC473F5DDC474F5CE
:1018C000050E756FACECC9F090C5D9F491C5DAF48A
:1018D000DEC473F5DDC474F520EE50F09051D926C6
:1018E0009151DA22DEC475F5DDC476F5FFECB8F06F
:1018F00020EE54F09051D9269151DA22DF6A90C53A
:10190000D9F491C5DAF4DEC492F5DDC493F592C53D
:10191000D9F493C5DAF4DEC48AF5DDC48BF5000E84
:101920008C6F000E8D6F000E8E6F000E8F6F34EC7B
:10193000CDF0120020EE02F07F51D9268051DA223C
:1019400010EE01F0DE50E126DD50E222E750816F1B
:1019500081C582F5836B846B856B84C585F583C5F2
:1019600084F582C583F5826B20EE02F07F51D92683
:101970008051DA22DEC486F5DDC487F586C5D9F448
:1019800087C5DAF4DF50886F88C589F58A6B8B6B61
:101990008C6B8AC58CF589C58BF58A6B896B8251F6
:1019A00089118D6F83518A118E6F84518B118F6FC6
:1019B00085518C11906F20EE02F07F51D926805115
:1019C000DA2210EE02F0DE50E126DD50E222E7508E
:1019D000916F91518D11926F8E51936F8F51946FC2
:1019E0009051956F20EE08F07F51D9268051DA2270
:1019F00092C5DEF493C5DEF494C5DEF495C5DEF43D
:101A000020EE02F07F51D9268051DA2210EE04F048
:101A1000DE50E126DD50E222E750816F81C582F57C
:101A2000836B846B856B84C585F583C584F582C51E
:101A300083F5826B20EE02F07F51D9268051DA22A5
:101A400010EE03F0DE50E126DD50E222E750866F13
:101A500086C587F5886B896B8A6B88C58AF587C5CB
:101A600089F5886B876B825187118B6F8351881141
:101A70008C6F845189118D6F85518A118E6F20EE84
:101A800002F07F51D9268051DA2210EE05F0DE50A7
:101A9000E126DD50E222E7508F6F8F518B11906F5E
:101AA0008C51916F8D51926F8E51936F20EE0CF08F
:101AB0007F51D9268051DA2290C5DEF491C5DEF43B
:101AC00092C5DEF493C5DEF420EE0CF07F51D926EA
:101AD0008051DA22DEC481F5DDC482F520EE08F003
:101AE0007F51D9268051DA22DEC483F5DDC484F526
:101AF00020EE0CF07F51D9268051DA22DEC485F524
:101B0000DEC486F5DEC487F5DEC488F50D0E05D08B
:101B1000D8908833873386338533E82EF9D720EE83
:101B200008F07F51D9268051DA22DEC489F5DEC45F
:101B30008AF5DEC48BF5DEC48CF50D0E05D0D89089
:101B40008C338B338A338933E82EF9D78551891941
:101B50008D6F86518A198E6F83518D198F6F8451C5
:101B60008E19906F81518F19916F82519019926FD8
:101B7000FF0E9115936F0F0E9215946F20EE10F0DB
:101B80007F51D9268051DA2293C5DEF494C5DDF465
:101B900020EE10F07F51D9268051DA22DE50DE107F
:101BA000D8A412007FC561F580C562F511EC88F0FC
:101BB000120061C5D9F462C5DAF4090EDF602ED0D7
:101BC00020EE02F06151D9266251DA22C60EDE6E95
:101BD000040EDD6E20EE04F06151D9266251DA2246
:101BE000BE0EDE6E040EDD6E20EE06F06151D926CB
:101BF0006251DA22010EDE6E040EDD6E20EE08F078
:101C00006151D9266251DA22CE0EDE6E040EDD6EEF
:101C100061C5D9F462C5DAF4DF06D4D061C5D9F460
:101C200062C5DAF4110EDF602ED020EE02F06151B1
:101C3000D9266251DA22C70EDE6E040EDD6E20EE6A
:101C400004F06151D9266251DA22BF0EDE6E040E15
:101C5000DD6E20EE06F06151D9266251DA22090EBE
:101C6000DE6E040EDD6E20EE08F06151D926625161
:101C7000DA22CF0EDE6E040EDD6E61C5D9F462C5C8
:101C8000DAF4090E9ED061C5D9F462C5DAF4190EF2
:101C9000DF602ED020EE02F06151D9266251DA22A7
:101CA000C80EDE6E040EDD6E20EE04F06151D92602
:101CB0006251DA22C00EDE6E040EDD6E20EE06F0FA
:101CC0006151D9266251DA22110EDE6E040EDD6EEC
:101CD00020EE08F06151D9266251DA22D00EDE6E74
:101CE000040EDD6E61C5D9F462C5DAF4110E69D057
:101CF00061C5D9F462C5DAF4210EDF602ED020EE82
:101D000002F06151D9266251DA22C90EDE6E040E4C
:101D1000DD6E20EE04F06151D9266251DA22C10E47
:101D2000DE6E040EDD6E20EE08F06151D9266251A0
:101D3000DA22D10EDE6E040EDD6E20EE06F0615169
:101D4000D9266251DA22190EDE6E040EDD6E61C5EF
:101D5000D9F462C5DAF4190E34D061C5D9F462C57C
:101D6000DAF4290EDF60120020EE02F06151D9266C
:101D70006251DA22CA0EDE6E040EDD6E20EE04F031
:101D80006151D9266251DA22C20EDE6E040EDD6E7A
:101D900020EE06F06151D9266251DA22210EDE6E64
:101DA000040EDD6E20EE08F06151D9266251DA2270
:101DB000D20EDE6E040EDD6E61C5D9F462C5DAF4B2
:101DC000210EDF5E61C5D9F462C5DAF4DF50636FBE
:101DD000646B910E6325F66ECB0E6421F76EF86A84
:101DE000000EF82220EE01F06151D9266251DA226C
:101DF0000800F5C4DFF4120020EE10F09651D92649
:101E00009751DA22DEC49FF5DDC4A0F598C561F5CF
:101E100099C562F5EBECCBF09F51611924E1A0511B
:101E20006219D8A420D098C569F599C56AF52BEC3C
:101E3000C9F00009D8B40AD096C594F597C595F5B0
:101E40001BECCBF00009D8A447D0F6D796C594F583
:101E500097C595F53EECC7F096C57FF597C580F51B
:101E6000A3ECCDF039D098C5D9F499C5DAF410EEC9
:101E700003F0DE50E126DD50E222E7B662D098C5DD
:101E800061F599C562F516ECC7F0020E611959E1CA
:101E9000070E6219D8A455D098C5D9F499C5DAF4BB
:101EA00010EE04F0DE50E126DD50E222E750D8B417
:101EB00015D098C561F599C562F520EE02F09651EE
:101EC000D9269751DA22DEC463F5DDC464F5EAEC65
:101ED000ABF00009D8A402D0000E120096C5D9F4C8
:101EE00097C5DAF4DEC479F5DDC47AF59FC57BF5D4
:101EF000A0C57CF520EE02F09651D9269751DA2242
:101F0000DEC47DF5DDC47EF526ECC3F096C5D9F4BC
:101F100097C5DAF4DEC49AF5DDC49BF59AC5D9F409
:101F20009BC5DAF4DEC48AF5DDC48BF5C80E8C6F70
:101F3000000E8D6F000E8E6F000E8F6F34ECCDF0A3
:101F4000CBD798C569F599C56AF58CECC9F000093D
:101F5000D8B4C2D798C56BF599C56CF55DECC8F0DF
:101F60000009D8A425D0010E9E6F98C5D9F499C553
:101F7000DAF410EE04F0DE50E126DD50E222E75004
:101F8000D8B413D098C561F599C562F520EE02F07A
:101F90009651D9269751DA22DEC463F5DDC464F583
:101FA000EAECABF00009D8B49E6B9EC59CF511D04D
:101FB00098C56BF599C56CF51FECC2F09F516B1974
:101FC00006E1A0516C19D8A402D0010E01D0000E78
:101FD0009C6F9D6B9C519D11D8B47ED796C5D9F44A
:101FE00097C5DAF4DEC477F5DDC478F520EE02F0AB
:101FF0009651D9269751DA22DEC479F5DDC47AF5F7
:10200000DBECC4F096C5D9F497C5DAF4DEC49AF5D2
:10201000DDC49BF59AC5D9F49BC5DAF4DEC48AF514
:10202000DDC48BF5C80E8C6F000E8D6F000E8E6FA9
:10203000000E8F6F34ECCDF0010E12000701FF6B24
:102040006FECABF03E0E616F070E626F000E636FB8
:10205000000E646F000E656F000E666FD0ECCDF061
:102060001A0E616F070E626F000E636F000E646FD1
:10207000000E656F000E666FD0ECCDF0D20E616F72
:10208000080E626F000E636F000E646F000E656FC6
:10209000000E666FD0ECCDF0A00E616F090E626F7E
:1020A000000E636F000E646F000E656F000E666FAA
:1020B000D0ECCDF06500D0F4E8F4020AD8B406D034
:1020C0006500D0F4E8F4030AD8A408D0750E616F57
:1020D000070E626FCD0E636F96ECB4F0070175A723
:1020E0002DD0DF0E05017D6F070E7E6FE70E7F6F2F
:1020F000070E806F3E0E816F070E826F1A0E836F80
:10210000070E846F47EC92F0010E0701FF6FEE0E91
:102110007A6F000E05017A6F000E7B6F000E7C6FE8
:10212000000E7D6F780E7E6F070E7F6F000E816F41
:10213000030E806F3EECBAF03BECCEF0000170ADC8
:102140001CD06500D0F4E8F4010AD8B406D06500CC
:10215000D0F4E8F4030AD8A40CD0750E0501906FF2
:10216000070E916FCC0E926F56ECB0F002D0F1ECEE
:102170009EF0000170BDFBD7FF00F1EC9EF007015F
:10218000FF51D8A49DEC6DF0DF0E05016D6F070EB9
:102190006E6FF3ECB4F0E70E6D6F070E6E6FF3EC3D
:1021A000B4F0EFECA5F0F751D8B411D025EE0CF057
:1021B000DF50D8A406D0D10E746F070E756F50ECA7
:1021C000A3F0C30E746F070E756F50ECA3F036ECDE
:1021D000BCF0EFECA5F0DEEC9BF00701FF51D8A4BA
:1021E00019D0DF0E0501616F070E626F2FEC95F0BD
:1021F000E70E616F070E626F2FEC95F0DF0E616FD7
:10220000070E626F06ECB7F0E70E616F070E626FA4
:1022100006ECB7F0DF0E0501866F070E876FD9EC6D
:10222000B3F0E70E866F070E876FD9ECB3F0650049
:10223000F4F1E8F4030AD8B480EC7AF0EFECA5F0FE
:1022400070ECBFF007EC97F0CBECCCF0650030F011
:10225000E8F4010AD8A472D76500F4F1E8F4030A9F
:10226000D8B46CD790ECA6F069D772C57DF50C0E8A
:10227000616F7D51FEECCAF07B6F7B39E8461F0B26
:102280007C6F7B51070B7F6F7F510E0DF3C473F58D
:10229000F4C474F57C51710D0D0EF324756F140E9A
:1022A000F420766F73517525D96E74517621DA6EEC
:1022B000DF50816F7F510E0DF3C473F5F4C474F5D4
:1022C0007C51710D0E0EF324756F140EF420766F91
:1022D00073517525D96E74517621DA6EDF507A6F9D
:1022E0000C0E616F7D5159ECCCF0736F7F510E0D68
:1022F000F3C474F5F4C475F57C51710D0F0EF3241D
:10230000766F140EF420776F74517625786F7551BF
:102310007721796F73517825D96E000E7921DA6EA5
:10232000DF50826F7D51090DF3C473F5F4C474F569
:1023300020EE06F07051D9267151DA22DEC475F50F
:10234000DDC476F573517525776F74517621786FFA
:10235000080E7725D96E000E7821DA6EDFAA02D03A
:10236000010E01D0000E806F040E8119D8B408D080
:10237000050E8119D8B404D0060E8119D8A40DD049
:102380008051D8B405D0040E716FC70E706F120063
:10239000050E716F470E706F12008151D8B403D0D3
:1023A0008251D8A40DD08051D8B405D0040E716FDD
:1023B000C50E706F1200050E716F450E706F120022
:1023C0008105D8A410D0030E8219D8B408D0020E0B
:1023D0008219D8B404D0040E8219D8A404D0805134
:1023E000D8A4E4D7E8D7020E8119D8A408D0080EE3
:1023F0008219D8B4F4D7070E8219D8B4F0D77A511D
:10240000D8A406D07F5136ECCEF0D4ECCBF00BD074
:102410007F5136ECCEF0D4ECCBF00009D8A402D03A
:10242000010E01D0000E7E6F8051D8B418D08251B9
:10243000D8B4A9D70CD07E51D8A4B8D7040E716FE8
:10244000C40E706F12007E51D8A4F8D7AFD7825156
:10245000020AD8B4F0D7010AD8B4F5D794D782517C
:10246000D8B496D70CD07E51D8A4A5D7050E716FDD
:10247000440E706F12007E51D8A4F8D79CD78251B9
:10248000070AD8B4F0D70F0AD8B4F5D781D7056AB0
:10249000066AB1ECC1F061C501F562C502F563C51C
:1024A00003F564C504F57DC507F57EC508F57FC550
:1024B00009F580C50AF581C50BF582C50CF583C504
:1024C0000DF584C50EF58B6B8B510E0DF3C485F5A0
:1024D000F4C486F57DC5D9F47EC5DAF4DF50876F84
:1024E0008751710D0D0EF324886F140EF420896F3F
:1024F00085518825D96E86518921DA6E030EDF6EEB
:102500008B510E0DF3C485F5F4C486F57FC5D9F45F
:1025100080C5DAF4DF50876F8751710D0D0EF324FB
:10252000886F140EF420896F85518825D96E8651E5
:102530008921DA6E030EDF6E8B51240DF3C485F50D
:10254000F4C486F520EE05F07D51D9267E51DA22BD
:10255000DEC487F5DDC488F585518725746F865103
:102560008821756F8B5136ECCEF0766F000E776F49
:10257000FF0E786FFF0E796FFF0E7A6FFF0E7B6F85
:10258000010E7C6FA4EC9CF08B51240DF3C485F5F7
:10259000F4C486F520EE05F07F51D9268051DA2269
:1025A000DEC487F5DDC488F585518725746F8651B3
:1025B0008821756F8B51080F36ECCEF0766F000EC8
:1025C000776FFF0E786FFF0E796FFF0E7A6FFF0E39
:1025D0007B6F010E7C6FA4EC9CF08B51240DF3C437
:1025E00085F5F4C486F520EE05F00750D92608508D
:1025F000DA22DEC487F5DDC488F585518725896F29
:10260000865188218A6F0F0E8925D96E000E8A2186
:10261000DA6EDE6ADE6ADE6ADD6A8B51240DF3C48F
:1026200085F5F4C486F520EE05F00950D9260A5048
:10263000DA22DEC487F5DDC488F585518725896FE8
:10264000865188218A6F0F0E8925D96E000E8A2146
:10265000DA6EDE6ADE6ADE6ADD6A20EE0FF00B50AB
:10266000D9260C50DA22DE6ADE6ADE6ADD6A20EEE6
:102670000FF00D50D9260E50DA22DE6ADE6ADE6ACD
:10268000DD6A8B2B070E8B651FD71200030E686F58
:10269000F00E676F699E676A6A6B67C561F568C50A
:1026A00062F5636B0BECCAF00009D8B402D0010EDE
:1026B00001D0000E0501666FA1D06A51120D4D0EBA
:1026C000F324D96E080EF420DA6E010EDF6E6A5123
:1026D000120D4F0EF324D96E080EF420DA6E010E9F
:1026E000DF6E6651D8A410D06A51120D4E0EF3243D
:1026F000D96E080EF420DA6EDF6A6A51120D440EAC
:10270000F324D96E080E1ED06A51120D4E0EF3241A
:10271000D96E080EF420DA6E6A51120D420EF324BF
:10272000E16E080EF420E26EE650E610D8B402D056
:10273000010E01D0000EDF6E6A51120D420EF3241D
:10274000D96E080EF420DA6E6A51120D480EF32489
:10275000E16E080EF420E26EDEC4E6F4DDC4E5F4BA
:1027600063D06A51120D4E0EF324D96E080EF42078
:10277000DA6E010EDF6E6A51120D420EF324D96E2D
:10278000080EF420DA6E6A51120D480EF324E16E41
:10279000080EF420E26EDEC4E6F4DDC4E5F46A510E
:1027A000120D4D0EF324D96E080EF420DA6E010ED0
:1027B000DF6E6A51120D4F0EF324D96E080EF4200D
:1027C000DA6E010EDF6E6A51120D500EF324D96ECF
:1027D000080EF420DA6E010EDF6E26D06A51120D5B
:1027E0004E0EF324D96E080EF420DA6EDF6A6A51B9
:1027F000120D440EF324D96E080EC3D76A51070D8B
:10280000F20EF324D96E140EF420DA6EDF50000AB3
:10281000D8B467D7010AD8B450D7030AD8B4DED7E2
:10282000010AD8B49ED749D7674B682B6A2B070E8D
:102830006A6533D70801406B416B0501696B6951CB
:10284000020D010EF324D96E080EF420DA6EDF6A51
:10285000692B1F0E6965F3D7698E676AA28E1D6AA0
:1028600048C86BF449C86CF408014F51D8B403D080
:10287000180E0201116F698412000501846B8451E6
:10288000070DB40EF324806F210EF420816F80C5F4
:1028900074F581C575F5766B776B42ECC1F0826F8C
:1028A0008451070DEE0EF324D96E140EF420DA6E67
:1028B00082C5DFF48451070DB50EF324806F210E1D
:1028C000F420816F80C574F581C575F5766B776BE3
:1028D00042ECC1F0826F8451070DEF0EF324D96EE4
:1028E000140EF420DA6E82C5DFF48451070DB60EA3
:1028F000F324806F210EF420816F80C574F581C5AB
:1029000075F5766B776B42ECC1F0826F8451070DE1
:10291000F00EF324D96E140EF420DA6E82C5DFF4C3
:102920008451070DB70EF324806F210EF420816FC0
:1029300080C574F581C575F5766B776B42ECC1F097
:10294000826F8451070DF10EF324D96E140EF4201A
:10295000DA6E82C5DFF48451070DB80EF324806F60
:10296000210EF420816F80C574F581C575F5766BF5
:10297000776B42ECC1F0826F8451070DF20EF324A5
:10298000D96E140EF420DA6E82C5DFF48451070D7F
:10299000B90EF324806F210EF420816F80C574F589
:1029A00081C575F5766B776B42ECC1F0826F84510F
:1029B000070DF30EF324D96E140EF420DA6E82C5DF
:1029C000DFF48451070DBA0EF324806F210EF4203A
:1029D000816F80C574F581C575F5766B776B42ECB8
:1029E000C1F0826F8451070DF40EF324D96E140EDA
:1029F000F420DA6E82C5DFF48451070DF00EF32463
:102A0000D96E140EF420DA6EDF50836F8451070DF7
:102A1000F10EF324D96E140EF420DA6E8351DE5CCD
:102A2000D8B00AD08451070DF10EF324D96E140EDC
:102A3000F420DA6EDF50836F990E8325F66EF76A05
:102A4000CB0EF722F86A000EF8220800F5C41EF536
:102A5000842B070E846513D732ECBFF01200010EF1
:102A6000736F716B726B61C5D9F462C5DAF4DF50B4
:102A7000636F6351710D0C0EF324D96E140EF420A4
:102A8000DA6EDF50D8A493D0746B74510E0DF3C47A
:102A900063F5F4C464F561C5D9F462C5DAF4DF50B6
:102AA000656F6551710D0D0EF324666F140EF420E1
:102AB000676F63516625D96E64516721DA6E030E24
:102AC000DE18D8A440D0735171137451240DF3C48F
:102AD00063F5F4C464F520EE05F06151D926625126
:102AE000DA22DEC465F5DDC466F563516525676FDE
:102AF00064516621686F0E0E6725D96E000E68213D
:102B0000DA6E7451240DF3C46AF5F4C46BF510EE5B
:102B100005F06151E1266251E222E6C46CF5E5C49C
:102B20006DF56A516C256E6F6B516D216F6F200EC4
:102B30006E25E16E000E6F21E26EDE50E618D8A41D
:102B400002D073517213742BD8907337070E7465CB
:102B50009CD720EE01F06151D9266251DA2210EEA5
:102B600005F0DE50E126DD50E222E7507217715188
:102B7000FF0A636F20EE01F06151D9266251DA221B
:102B800010EE05F0DE50E126DD50E2226351E7163B
:102B900020EE01F06151D9266251DA2210EE05F0E3
:102BA000DE50E126DD50E2227251E712120061C5CB
:102BB000D9F462C5DAF4DF50636F6351710D0C0E06
:102BC000F324D96E140EF420DA6E030EDE18D8A4A6
:102BD0001200746B7451240DF3C463F5F4C464F5EE
:102BE00020EE05F06151D9266251DA22DEC465F586
:102BF000DDC466F563516525676F64516621686FB2
:102C0000200E6725D96E000E6821DA6EDF50D8B429
:102C100002D073517213742BD8907337070E7465FA
:102C2000D9D720EE01F06151D9266251DA2210EE97
:102C300005F0DE50E126DD50E22272C5E7F4120015
:102C4000B9D020EE02F09451D9269551DA22DEC493
:102C500097F5DDC498F597C5D9F498C5DAF4DF5037
:102C6000996F9A6B993B9A3BF00E9A1799510F0BFB
:102C70009A13F00E9917F00E99159B6F0F0E9A1577
:102C80009C6F20EE02F09451D9269551DA2210EE75
:102C900001F0DE50E126DD50E222E7509D6F9D3BC2
:102CA0000F0E9D170F0E9D179D519B119E6F9C51EE
:102CB0007FD020EE02F09451D9269551DA2210EE01
:102CC00001F0DE50E126DD50E222E750976F975188
:102CD000996F986B000E98159A6F0F0E99159B6F50
:102CE00020EE02F09451D9269551DA2210EE02F02E
:102CF00055D020EE02F09451D9269551DA2210EEEB
:102D000003F0DE50E126DD50E222E750976F986B2A
:102D1000973B983BF00E981797510F0B9813F00EB6
:102D20009717F00E9715996F0F0E98159A6F20EE62
:102D300002F09451D9269551DA2210EE04F0DE50BB
:102D4000E126DD50E222E7509B6F9B3B0F0E9B1765
:102D50000F0E9B179B5199119E6F9A5129D020EE0F
:102D600002F09451D9269551DA2210EE04F0DE508B
:102D7000E126DD50E222E750976F9751996F986BEB
:102D8000000E98159A6F0F0E99159B6F20EE02F0AA
:102D90009451D9269551DA2210EE05F0DE50E12645
:102DA000DD50E222E7509C6F9C519A119E6F9B511F
:102DB0009F6F0CD09651000AD8B443D7010AD8B4FB
:102DC00078D7030AD8B495D7010AC9D794C5D9F4DE
:102DD00095C5DAF4DEC479F5DDC47AF596C57BF5E0
:102DE0009EC57CF59FC57DF520EE10F09451D92647
:102DF0009551DA22DEC47EF5DDC47FF5C1ECC5F065
:102E000094C590F595C591F5C6ECC8F01200B3D005
:102E100007015F51D8B41200010E1B6E12000701AA
:102E20005F51D8B433D05451531106E1810E515D36
:102E30000C0E5259D8A02AD0650030F0E8F4010AEF
:102E4000D8A412D03E0E0501616F070E626F000E0E
:102E5000636FFF0E646F000E656FFF0E666FD0EC40
:102E6000CDF0030E1B6E12003E0E0501616F070EC2
:102E7000626FCC0E636FCC0E646FCC0E656FCC0EA0
:102E8000666FD0ECCDF0020E1B6E12005F51D8A41D
:102E900012001B6A120007015F51D8A412003E0EF7
:102EA0000501616F070E626F000E636F000E646FA5
:102EB000000E656F000E666FD0ECCDF0EAD707010B
:102EC0005F51D8A41200030E6100A1F37DF488ECD9
:102ED000C7F0120007015F51D8B41200050E1B6E37
:102EE000120007015F51D8B41BD05451531106E1B1
:102EF000810E515D0C0E5259D8A012D03E0E050124
:102F0000616F070E626F000E636F000E646F000E3C
:102F1000656F000E666FD0ECCDF0060E1B6E1200D2
:102F20005F51D8A41200040E1B6E120007015F51FE
:102F3000D8A412003E0E0501616F070E626F000EED
:102F4000636F000E646F000E656F000E666FD0EC4D
:102F5000CDF0B0ECB7F01B0E756F110E766F000E52
:102F6000776F000E786F000E796F98ECC0F03BEC35
:102F7000CEF0FF0012001B500501826F836B83515E
:102F8000000AD8A412008251000AD8B441D7010A1D
:102F9000D8B445D7030AD8B47ED7010AD8B48FD79E
:102FA000070AD8B497D7010AD8B49BD7030AD8A484
:102FB0001200BCD70501DC51DD11D8A41DD0DE51B3
:102FC000DF11D8A419D0A80EE019E111D8A414D0AB
:102FD0003BECCEF0750E0501D26F070ED36FEEEC11
:102FE000A9F0750E6F6F070E706F80ECAFF03EECBE
:102FF00071F0010EF76F1200DE51DF11D8B412002C
:10300000E051E111D8A41200F76B820EDC19DD113A
:10301000D8A403D044ECCEF012001B0EDC1907E15B
:10302000110EDD19D8A403D0B0ECB7F01200B40E25
:10303000DC5D210EDD59D8A01200EC0EDC5D210E06
:10304000DD59D8B01200B40EDC5F210EDD5B070E37
:10305000616FDC51FEECCAF0E66F070E616FDC5168
:1030600059ECCCF0E56FE651070DF40EF324D96E60
:10307000140EF420DA6EDF6AE551D8A418D0E651B8
:10308000070DB40EF324E26F210EF420E36FE2C5C6
:1030900074F5E3C575F5766B776B42ECC1F0E46FC0
:1030A000E651070DEE0EF324D96E140E1AD0E50585
:1030B000D8A41200E651070DB50EF324E26F210EDD
:1030C000F420E36FE2C574F5E3C575F5766B776BB5
:1030D00042ECC1F0E46FE651070DEF0EF324D96E18
:1030E000140EF420DA6EE4C5DFF432ECBFF0E651E2
:1030F000120D4D0EF324D96E080EF420DA6E010E77
:10310000DF6EE651120D4B0EF324D96E080EF4203B
:10311000DA6EDF6AE651120D4A0EF324D96E080EFC
:10312000F420DA6EDF6AE505D8A40BD0E651120D63
:103130004E0EF324D96E080EF420DA6E010EDF6E07
:1031400058D7E651120D4E0EF324D96E080EF42016
:10315000DA6EDF6A4ED7DC6F620E0501616F070E13
:10316000626FFB0E636F050E646FEF0E656F070EE7
:10317000666F6EECCCF0000E7F6F000E7E6F240E3B
:10318000816F6B0E806F2FECCCF0FD0E0501616F2F
:10319000050E626FA50E636F070E646F03ECCEF031
:1031A000FB0E616F050E626F960E636F070E646F04
:1031B00003ECCEF0750E8D6F070E8E6FCE0E8F6FF7
:1031C0000C0E906F000E916F0C0E926FA90E936F04
:1031D000CB0E946FFB0E956F050E966F620E976F78
:1031E000070E986F52ECB9F0000E616F0B0E626F14
:1031F000FB0E636F050E646F620E656F070E666FE0
:10320000E8ECBFF0000E616F0A0E626F000E636F94
:103210000B0E646FB20E656F6C0E666F010E676FFA
:103220004C0E686F4E0E696F010E6A6F800E6B6FE9
:103230009C0E6C6F010E6D6F820E6E6F9B0E6F6F2A
:10324000010E706F3CECBDF0DC29D8A407D0750EE0
:103250008D6F070E8E6F17ECC8F015D0330EDC198A
:10326000D8A407D0750E8D6F070E8E6FF4ECC7F0E3
:103270000AD0440EDC19D8A406D0750E8D6F070E47
:103280008E6FD1ECC7F0EF0E0501616F070E626F14
:10329000EEECCDF0750EA76F070EA86F00ECA4F052
:1032A000750E0501D26F070ED36FEEECA9F0750E07
:1032B000B36F070EB46FFAECCDF0FB0E616F050E25
:1032C000626F25ECCEF0FB0E656F050E666F620E29
:1032D000676F070E686F3F0E44ECCCF013ECAFF055
:1032E000620E05017F6F070E806F9AEC8CF03BEC4D
:1032F000CEF01200080120EE4EF0F651D926F7511B
:10330000DA22DF6AF6C861F5F7C862F5F8C863F536
:10331000F9C864F5B5ECB2F061C5E8F962C5E9F940
:1033200063C5EAF964C5EBF9060E0901EC6FF6C84E
:1033300061F5F7C862F5F8C863F5F9C864F5F10EF0
:103340000501656F090E666F65ECBBF00009D8B426
:1033500002D00901EC2B000E0901ED6F000EEE6F9B
:10336000000EEF6F000EF06F46D0ED51E82505011D
:103370008D6F0901EE51E92105018E6F0901EF51B1
:10338000EA2105018F6F0901F051EB210501906FD2
:10339000F1C991F50901EC510801F8250501ED6F1E
:1033A000000E0801F9210501EE6F0901ED5105013B
:1033B000ED25D96E0901EE510501EE21DA6EDF50DF
:1033C000926F080120EE52F0F651D926F751DA2219
:1033D00001D80AD00500FA6EDE50FD6EDE50FE6E9A
:1033E000DE50FF6EFA501200010E0901ED27000EAB
:1033F000EE23EF23F023EC510801FA5D0501ED6F98
:103400000801FB51D8A0FB050501EE6FEF6BF06BD7
:10341000ED510901ED5D0501EE510901EE5905017E
:10342000EF510901EF590501F0510901F059D8A0F8
:103430009CD7080120EE58F0F651D926F751DA2230
:10344000DE50DE10DE10D8B41200E8C9E7F5E9C995
:10345000E8F5FA0EFA250501E96FFF0E0801FB21D8
:103460000501EA6F000EEC6F000EEB6F080120EE15
:1034700058F0F651D926F751DA2201D8120005008A
:10348000FA6EDE50FD6EDE50FE6EDE50FF6EFA50BC
:103490001200766B6C2902E16D29D8A48FD0CE0E74
:1034A000796FD890793176257A6F20EE08F06851DF
:1034B000D9266951DA22DEC46EF5DDC46FF57A5182
:1034C0006E25D96E000E6F21DA6EDF50786F78515D
:1034D000090DF3C46EF5F4C46FF520EE06F06851E3
:1034E000D9266951DA22DEC470F5DDC471F56E515A
:1034F0007025616F6F517121626F6AC563F56BC58D
:1035000064F546ECC6F0776F7751D8A447D07A516E
:10351000D8A440D0000E696F000E686F120020EE34
:1035200008F06851D9266951DA22DEC46EF5DDC48F
:103530006FF57A516E27000E6F23FF0E6E25D96E40
:10354000FF0E6F21DA6EDF50786F7851090DF3C4EA
:103550006EF5F4C46FF520EE06F06851D926695176
:10356000DA22DEC470F5DDC471F56E517025616F2D
:103570006F517121626F6AC563F56BC564F571ECBB
:10358000AAF0756F7551D8A404D07AC568F5696B37
:1035900012007A077A51D8B4BDD7C1D77751800AC3
:1035A0007F0FD8A003D07A29766F7907D890793326
:1035B0007951D8A476D768696969120020EE08F0BD
:1035C0006851D9266951DA22DEC46EF5DDC46FF583
:1035D0006C516E25D96E6D516F21DA6EDF50706FB0
:1035E0007051090DF3C471F5F4C472F520EE06F0C4
:1035F0006851D9266951DA22DEC473F5DDC474F549
:1036000071517325616F72517421626F6AC563F5E0
:103610006BC564F571ECAAF00009D8B4CCD76CC5C1
:1036200068F56DC569F5120086C5D9F487C5DAF469
:10363000DEC461F5DDC462F5E0ECCAF061C599F560
:1036400062C59AF599519A11D8B4120020EE4EF045
:103650008651D9268751DA22DF6A060E956F966B5E
:103660000FD096518825D96E000E8921DA6E9651B9
:103670009925E16E000E9A21E26EDFC4E7F4962BE5
:103680009551965DD8A0EDD720EE01F09951D9263D
:103690009A51DA2210EE01F09951E1269A51E22274
:1036A000E7500F0B5009DF6E86C561F587C562F5DF
:1036B00088C563F589C564F5980E656F050E666F5C
:1036C00065ECBBF0936F9351D8B409D020EE06F0AF
:1036D0009951D9269A51DA2298C5DFF4952B86C5DF
:1036E00061F587C562F588C563F589C564F593C53D
:1036F00065F594ECCCF0946F86C561F587C562F5ED
:1037000088C563F589C564F5B5ECB2F061C58FF580
:1037100062C590F563C591F564C592F5976B30D09D
:1037200097518F25806F000E9021816F000E91219F
:10373000826F000E9221836F98C584F520EE4FF0C2
:103740008651D9268751DA2201D80AD00500FA6EAF
:10375000DE50FD6EDE50FE6EDE50FF6EFA5012003F
:103760008C6F975199258D6F000E9A218E6F955110
:103770008D25D96E000E8E21DA6E8CC5DFF4972B65
:103780009451975DD8A0CCD786C5D9F487C5DAF413
:10379000DEC461F5DDC462F595519425636F646BF9
:1037A000643720EE4CF08651D9268751DA22DEC4E8
:1037B00065F5DDC466F5FBECBCF01200C0D0080E68
:1037C000186005D0776BD10E786F070E05D0010E0B
:1037D000776FC30E786F070E796F1850D8B404D086
:1037E000080E1818D8A42ED07751710D0C0EF324A2
:1037F000D96E140EF420DA6EDF50D8A422D020EE59
:1038000006F07851D9267951DA22DF506C6F20EE1C
:1038100005F07851D9267951DA22DF506C19196EEA
:1038200020EE06F07851D9267951DA2210EE05F013
:103830007851E1267951E222DFC4E7F4010E176ED8
:1038400001D0176A195017140009D8B475D0185050
:103850000C0DF350060F756F060E746F766B18C55E
:103860006CF5070E6C176C510E0DF3C46DF5F4C4B6
:103870006EF57751710D0F0EF3246F6F140EF42057
:10388000706F6D516F25716F6E517021726F745131
:103890007125D96E000E7221DA6E190EDE18D8A4C9
:1038A00014D020EE05F07851D9267951DA22DF5074
:1038B00017140009D8A409D0750E616F070E626F46
:1038C00075C563F596ECB4F02DD018C56CF5070EF0
:1038D0006C176C510E0DF3C46DF5F4C46EF5775191
:1038E000710D0F0EF3246F6F140EF420706F6D5175
:1038F0006F25716F6E517021726F74517125D96E81
:10390000000E7221DA6E1A0EDE18D8A40BD020EE4B
:1039100005F07851D9267951DA22DF50171417189B
:10392000D8B4CAD7762B742B752B050E766597D72E
:10393000182AD89017361200182AD89017360F0E6A
:1039400018643DD7186A120020EE1BF07451D92676
:103950007551DA2276C5DFF420EE0EF07451D926C7
:103960007551DA2277C5DFF420EE23F07451D926A1
:103970007551DA227CC5DFF4B1ECC1F020EE04F021
:103980007451D9267551DA2261C5DEF462C5DEF4C0
:1039900063C5DEF464C5DEF420EE04F07451D9266C
:1039A0007551DA2210EE08F07451E1267551E222C9
:1039B000DEC4E6F4DEC4E6F4DEC4E6F4DEC4E6F417
:1039C00020EE04F07451D9267551DA2274C5E1F461
:1039D00075C5E2F4DEC4E6F4DEC4E6F4DEC4E6F463
:1039E000DEC4E6F420EE21F07451D9267551DA22B6
:1039F000DF6A20EE0CF07451D9267551DA22DF6AA5
:103A000020EE0DF07451D9267551DA22DF6A20EECE
:103A100013F07451D9267551DA22DE6ADE6ADE6A45
:103A2000DD6A20EE17F07451D9267551DA22DE6A6C
:103A3000DE6ADE6ADD6A20EE22F07451D926755105
:103A4000DA22DF6A20EE0FF07451D9267551DA229E
:103A500078C5DEF479C5DEF47AC5DEF47BC5DEF424
:103A600020EE1CF07451D9267551DA22DE6ADE6A26
:103A7000DE6ADD6A20EE20F07451D9267551DA2213
:103A80007751D8A402D0010E01D0000EDF6E000ED7
:103A9000656F20EE1BF07451D9267551DA22DF5084
:103AA000A4ECCAF020EE0EF07451D9267551DA223A
:103AB000DF50D8A402D0010E01D0000E656F20EEB9
:103AC0001BF07451D9267551DA22DF50C2ECCAF0CE
:103AD0001200ABD0166A020EF26F140EF66ECB0E09
:103AE000F76E000EF86E0800F55012001650866F43
:103AF000876B010E8627000E8723140E8625F66E2F
:103B0000CB0E8721F76EF86A000EF8220800F5C484
:103B100088F5162A8851D8B403D0280E166404D02C
:103B2000886B166A030EF26F885112001650866F6A
:103B3000876B2A0E8627000E8723140E8625F66EC5
:103B4000CB0E8721F76EF86A000EF8220800F5C444
:103B500088F5162A8851D8B403D0280E1664E4D705
:103B6000886B166A040EDFD71650866F876B530E6C
:103B70008627000E8723140E8625F66ECB0E87212E
:103B8000F76EF86A000EF8220800F5C488F5162AC8
:103B90008851D8B403D0140E1664C6D7886B166A41
:103BA000050EC1D71650866F876B680E8627000EEC
:103BB0008723140E8625F66ECB0E8721F76EF86AE2
:103BC000000EF8220800F5C488F5162A8851D8B4EA
:103BD00003D0140E1664A8D7886B166A060EA3D7F6
:103BE0001650806F816B826B836BFB0E846F59EC78
:103BF000B6F0886F162A8851D8A496D7070EF26FB0
:103C0000F329166E91D71650806F816B826B836B90
:103C1000FB0E846F59ECB6F0886F162A8851D8A431
:103C200083D7080E80D7000E12000501F251010A59
:103C3000D8B450D7030AD8B459D7010AD8B476D724
:103C4000070AD8B491D7010AD8B4ACD7030AD8B4BC
:103C5000C7D7010AD8B4D7D7E6D701016CA193D052
:103C600070C17CF571C17DF5050120EE0DF0745138
:103C7000D9267551DA22DF9220EE04F07C51D92644
:103C80007D51DA22DFA807D020EE0DF07451D9263D
:103C90007551DA22DF8220EE0DF07451D92675516C
:103CA000DA22DF9020EE04F07C51D9267D51DA2211
:103CB000DFAA07D020EE0DF07451D9267551DA2213
:103CC000DF8020EE0DF07451D9267551DA22DFA283
:103CD00058D020EE02F07C51D9267D51DA22DF50F7
:103CE000786F20EE03F07C51D9267D51DA22DF5027
:103CF0001F0B796F78C576F579C577F5D89076374B
:103D00007737D89076377737D8907637773776C544
:103D100078F577C579F57CC5D9F47DC5DAF4DF503F
:103D20007A6F20EE01F07C51D9267D51DA22DF50E6
:103D3000070B7B6F020ED890783779377A377B374D
:103D4000E82EF9D7E00E781720EE01F07C51D92645
:103D50007D51DA22DF50766FD8907633D890763363
:103D6000D89076311F0B781374C5D9F475C5DAF481
:103D700078C5DEF479C5DEF47AC5DEF47BC5DEF401
:103D800004D001016981000E120020EE04F074518C
:103D9000D9267551DA2210EE04F07C51E1267D51CE
:103DA000E222E7500F0BDF6E050E7425696F000EDF
:103DB00075216A6F080E7C256B6F000E7D216C6F7C
:103DC00020EE04F07451D9267551DA22DF50766F57
:103DD00076516D6F6E6BE8ECC8F001016981010EE0
:103DE00012000801FE6BFDC574F5FEC575F52DECDE
:103DF0009EF00009D8B403D0010E0801FE6F620ED8
:103E00000501A06F070EA16F70ECA0F00801FF6B19
:103E1000FE51D8B40DD0620E0501966F070E976F54
:103E2000FD0E986F050E996FFCEC8EF00801FF6F88
:103E30001E0E07017419D8A48ED00801FE51D8B403
:103E400072D0FD0E0501716F050E726F72C773F5AA
:103E500073C774F58CECC3F00009D8B464D0000EBD
:103E6000906F0B0E916FFD0E926F050E936FA9EC84
:103E700074F00801FC6FFD6BFC51FF13050120EE8F
:103E800003F0FD51D926FE51DA22DFA64CD0FD0EFB
:103E9000696F050E6A6F71ECC6F00801FC6FFD6B6F
:103EA000FC51FF13FF51D8A423D0FD0E0501986FDC
:103EB000050E996F620E9A6F070E9B6FB0ECB6F00D
:103EC0000801FC6FFD6BFC51FF13FF51D8A410D00B
:103ED000750E0501AB6F070EAC6FFD0EAD6F050ED5
:103EE000AE6FC6EC7EF00801FC6FFD6BFC51FF135A
:103EF000FF51D8A418D0FD0E05016B6F050E6C6F35
:103F00005DECC8F00009D8B40ED0620E906F070EB9
:103F1000916FFD0E926F050E936F200E956F000E40
:103F2000946F67ECC5F0750E0501AB6F070EAC6FB3
:103F3000D7EC80F0000E906F0B0E916F4BEC8BF076
:103F4000000E0701FB6F0A0EFC6F4DECADF005ECA7
:103F5000B8F059ECB8F0FFC867F50801FE51E4EC81
:103F6000A1F012007E6F0C0E0501616F7E5159ECBD
:103F7000CCF07F6F7A510E0D0F0EF3247C6F140E70
:103F8000F4207D6F7F517C25D96E000E7D21DA6E85
:103F9000DF50806F9AD07B51D8A413D07A51120D84
:103FA0004E0EF324D96E080EF420DA6EDF6A7A51D1
:103FB000120D4D0EF324D96E080EF420DA6E010EA8
:103FC000DF6E7AC56CF580C56DF57BC56EF5000EAC
:103FD00025ECB1F012007B51D8A414D07A51120D07
:103FE0004E0EF324D96E080EF420DA6E010EDF6E49
:103FF0007A51120D4D0EF324D96E080EF420DA6EAC
:10400000010EDF6E7AC56CF580C56DF57BC56EF56A
:10401000000E25ECB1F012007B51D8A44CD07A519F
:10402000120D4A0EF324D96E080EF420DA6EDF501A
:10403000D8B40AD07A51120D4E0EF324D96E080E60
:10404000F420DA6EDF6A2DD07A51120D4B0EF32474
:10405000D96E080EF420DA6EDF50D8B40BD07A5146
:10406000120D4E0EF324D96E080EF420DA6E010EF6
:10407000DF6E17D07A51120D500EF324D96E080E50
:10408000F420DA6EDF50D8B40CD07A51120D510EF4
:10409000F324D96E080EF420DA6EDF50D8A4CAD704
:1040A000DED77A51120D4D0EF324D96E080EF4208E
:1040B000DA6E010EDF6E7AC56CF580C56DF57BC5D5
:1040C0006EF5000E25ECB1F012008051020AD8B452
:1040D00062D7010AD8B47FD7070AD8A412009CD7A8
:1040E00020EE12F0A051D926A151DA221E0EDE18C0
:1040F000D8B4120091D0A0C594F5A1C595F520EED5
:1041000012F0A051D926A151DA22DF50966F20EC8F
:1041100096F00009D8B41200050120EE12F0A0516B
:10412000D926A151DA22DF2A1200B1ECC1F020EE2B
:1041300004F0A051D926A151DA2261C5DEF462C58E
:10414000DEF463C5DEF464C5DEF420EE12F0A051A7
:10415000D926A151DA220A0EDF6E1200B1ECC1F0AD
:1041600020EE04F0A051D926A151DA22DEC4A2F536
:10417000DEC4A3F5DEC4A4F5DEC4A5F5C80EA225F1
:10418000A66F000EA321A76F000EA421A86F000E3A
:10419000A521A96F6151A65D6251A7596351A85924
:1041A0006451A959D8B01200A0C594F5A1C595F5E0
:1041B0001BECCBF00009D8B41200050120EE12F080
:1041C000A051D926A151DA22140EDF6E1200A0C52B
:1041D00094F5A1C595F563ECC7F00009D8B409D0F2
:1041E000050120EE12F0A051D926A151DA22190EB4
:1041F000DF6EA0C594F5A1C595F5EFECC3F00009FD
:10420000D8B41200050120EE12F0A051D926A15118
:10421000DA221E0EDF6E120020EE12F0A051D92617
:10422000A151DA22DF50000AD8B465D7010AD8B408
:1042300062D7030AD8B45FD7010AD8B45CD7070A9B
:10424000D8B473D70E0AD8B489D71E0AD8B4BFD74A
:104250000D0AD8A41200CDD7846F0C0E0501616F32
:104260008451FEECCAF0856F7A51D8A404D0D70EE1
:10427000876F070E03D0C90E876F070E886F7B51BB
:104280000E0DF3C47DF5F4C47EF57A51710D0D0E5B
:10429000F3247F6F140EF420806F7D517F25D96E3B
:1042A0007E518021DA6EDE04D8B41200910E7B2597
:1042B000F66EF76ACB0EF722F86A000EF8220800B5
:1042C000F5C486F50C0E616F845159ECCCF0836F08
:1042D0007B510E0DF3C47DF5F4C47EF57A51710D5A
:1042E0000F0EF3247F6F140EF420806F7D517F2515
:1042F000816F7E518021826F83518125D96E000E9E
:104300008221DA6EDF50896F54D07C51D8A414D04A
:104310007AC567F589C568F58551ACECB8F0000938
:10432000D8A40AD005018651FF0A7D6F87C5D9F44C
:1043300088C5DAF47D51DF167BC56CF589C56DF54E
:104340007CC56EF505017A5125ECB1F012007C5167
:10435000D8A411D07AC567F589C568F58551ACEC4C
:10436000B8F00009D8A407D087C5D9F488C5DAF415
:1043700005018651DF127BC56CF589C56DF57CC5DD
:104380006EF505017A5125ECB1F012007C51D8A4EC
:1043900006D087C5D9F488C5DAF48651DF1A7BC503
:1043A0006CF589C56DF57CC56EF57A5125ECB1F0DB
:1043B00012008951020AD8B4A8D7010AD8B4C7D7C5
:1043C000070AD8A41200E2D70501686F0501696BDE
:1043D0006A6B6851D8B445D0D20E616F080E626F17
:1043E000010E636F000E646F000E656F000E666F46
:1043F00094ECCDF06B6B2A0E6B25D96EDA6A150E34
:10440000DA22DF506C6F0F0E6C19D8B40BD0110E7E
:104410006C19D8B407D06751D8B406D0250E6C19E2
:10442000D8A402D0010E696F2F0E6B25D96EDA6AFF
:10443000150EDA22DF506C6F0F0E6C19D8B40BD04A
:10444000110E6C19D8B407D06751D8B406D0250E18
:104450006C19D8A402D0010E6A6F6B2B030E6B652A
:10446000CAD720EE0EF0FB51D926FC51DA22DF50DC
:10447000D8B43ED0A00E616F090E626F010E636F5B
:10448000000E646F000E656F000E666F94ECCDF049
:104490006B6B2A0E6B25D96EDA6A150EDA22DF50A5
:1044A0006C6F100E6C19D8B404D0110E6C19D8A40E
:1044B00002D0010E696F2F0E6B25D96EDA6A150EC8
:1044C000DA22DF506C6F100E6C19D8B404D0110EC4
:1044D0006C19D8A402D0010E6A6F6B2B030E6B65AA
:1044E000D8D720EE0EF0FB51D926FC51DA22DF6A34
:1044F0006951D8B40ED03E0E616F070E626F010E87
:10450000636F000E646F000E656F000E666F94ECB3
:10451000CDF06A51D8B412001A0E616F070E626FA7
:10452000010E636F000E646F000E656F000E666F04
:1045300094ECCDF01200010160B102D0000E120027
:1045400064C17CF565C17DF5050120EE04F07C5168
:10455000D9267D51DA22DF6A74C5D9F475C5DAF43B
:10456000DEC478F5DEC479F5DEC47AF5DEC47BF509
:1045700020EE0DF07451D9267551DA22DFA24FD00A
:1045800020EE01F07C51D9267D51DA227839E842BB
:10459000F80BDF6E020E766FD8907B337A33793367
:1045A0007833762FF9D77CC5D9F47DC5DAF47AC58E
:1045B000DFF47BC576F5070E761720EE01F07C510F
:1045C000D9267D51DA227651DF1278C576F579C584
:1045D00077F5D89077337633D89077337633D89091
:1045E0007733763376C578F577C579F520EE02F026
:1045F0007C51D9267D51DA2278C5DFF420EE03F014
:104600007C51D9267D51DA2279511F0BDF6E20EEC5
:1046100004F07C51D9267D51DA22DF8805D0030EC3
:1046200001015D6F010E120020EE04F07451D926D5
:104630007551DA22DF50766F20EE04F07C51D926D6
:104640007D51DA22DF507619F00B7619DF6E20EEFD
:104650000DF07451D9267551DA22DFA007D020EE73
:1046600004F07C51D9267D51DA22DF8A080E7C25A0
:10467000696F000E7D216A6F050E74256B6F000E49
:1046800075216C6F20EE04F07451D9267551DA2231
:10469000DF50766F76516D6F6E6BE8ECC8F0BFD768
:1046A0007A697B69B1ECC1F0E00E61157C6FFF0E99
:1046B00062157D6F000E63157E6F000E64157F6FAF
:1046C00074C5D9F475C5DAF47C51DE180AE17D5160
:1046D000DE1807E17E51DE1804E17F51DE18D8B400
:1046E000120074C5D9F475C5DAF47CC5DEF47DC555
:1046F000DEF47EC5DEF47FC5DEF420EE04F07451F6
:10470000D9267551DA2210EE0CF07451E12675515C
:10471000E222E750766F76517425776F000E75218F
:10472000786F0A0E7725E16E000E7821E26EDFC405
:10473000E7F420EE0CF07451D9267551DA22DF2A05
:1047400020EE0CF07451D9267551DA22020EDE18D3
:10475000D8A407D020EE0CF07451D9267551DA2276
:10476000DF6A816B81517425766F000E7521776F3A
:104770000A0E7625D96E000E7721DA6EDF507A1791
:1047800081517425766F000E7521776F0A0E76259C
:10479000D96E000E7721DA6EDF50FF0A7B17812B6E
:1047A000010E8165DFD720EE09F07451D9267551CD
:1047B000DA22DF50806F7A5180137B51FF0A801715
:1047C00020EE07F07451D9267551DA22DF50801798
:1047D00020EE0DF07451D9267551DA2210EE09F051
:1047E0007451E1267551E222E7508019DF6E20EE08
:1047F00009F07451D9267551DA2280C5DFF4120010
:1048000020EE05F0A751D926A851DA22EE0EDE18C7
:10481000D8A407D0A7C5D9F4A8C5DAF4000EDB8068
:1048200028D020EE05F0A751D926A851DA22440E4F
:10483000DE18D8A407D0A7C5D9F4A8C5DAF4000EAD
:10484000DB8617D020EE05F0A751D926A851DA2231
:10485000330EDE18D8A407D0A7C5D9F4A8C5DAF45A
:10486000000EDB8206D0A7C5D9F4A8C5DAF4000E85
:10487000DB84A7C5D9F4A8C5DAF4DFB01200A7C558
:10488000D9F4A8C5DAF4DFB61200A7C5D9F4A8C5D3
:10489000DAF4DFA226D0A7C58DF5A8C58EF5EFEC1A
:1048A000B1F00FEC67F0050120EE05F0A751D92615
:1048B000A851DA22EE0EDF6E000E7A6F000E7B6FCB
:1048C000000E7C6F000E7D6F030EA7257E6F000E1D
:1048D000A8217F6F000E816F030E806F3EECBAF04F
:1048E0001200A7C5D9F4A8C5DAF4DFA4120020EE9F
:1048F00003F0A751D926A851DA22DE6ADD6A85ECD9
:10490000CDF0A7C58DF5A8C58EF5EFECB1F00FEC95
:1049100067F0050120EE05F0A751D926A851DA224B
:10492000EE0EDF6E000E7A6F000E7B6F000E7C6F56
:10493000000E7D6F030EA7257E6F000EA8217F6FEE
:10494000000E816F030E806F3EECBAF01200A20ED3
:10495000696F050E6A6F98C5D9F499C5DAF4DEC49B
:104960009AF5DDC49BF5050E9A256B6F000E9B2111
:104970006C6F000E6E6F080E6D6FE8ECC8F0AA6BDE
:10498000AA51090DF3C49AF5F4C49BF520EE06F084
:104990009651D9269751DA22DEC49CF5DDC49DF5E7
:1049A0009A519C259E6F9B519D219F6F080E9E25BD
:1049B000D96E000E9F21DA6EDFA669D021EEA2F13A
:1049C00001EE8DF1070EDBC4EBF4E806FCE2AA5120
:1049D00053ECCBF00501AA51090DF3C49AF5F4C4C8
:1049E0009BF520EE06F09651D9269751DA22DEC4C7
:1049F0009CF5DDC49DF59A519C259E6F9B519D2190
:104A00009F6F080E9E25D96E000E9F21DA6E000E54
:104A1000DB80AA51090DF3C49AF5F4C49BF520EE8E
:104A200006F09651D9269751DA22DEC49CF5DDC4F2
:104A30009DF59A519C259E6F9B519D219F6F080E5D
:104A40009E25D96E000E9F21DA6EF70EDF1620EE3E
:104A500010F09651D9269751DA22AA51DE5CD8A0DF
:104A600003D0AAC5A0F50AD020EE10F09651D926A1
:104A70009751DA22DF509A6F9A51A06FA16B20EE06
:104A800010F09651D9269751DA22A0C5DFF4AA2B4F
:104A9000CD0EAA6575D712003E0E746F070E756FA6
:104AA000220E766F000E776F000E786F000E796F12
:104AB000000E7A6F000E7B6F010E7C6FA4EC9CF0F1
:104AC0001A0E746F070E756F230E766F000E776FD8
:104AD000000E786F000E796F000E7A6F000E7B6FFC
:104AE000010E7C6FA4EC9CF0A00E746F090E756F24
:104AF000040E766F010E776F000E786F000E796FDF
:104B0000000E7A6F000E7B6F010E7C6FA4EC9CF0A0
:104B1000D20E746F080E756F050E766F010E776FEB
:104B2000000E786F000E796F000E7A6F000E7B6FAB
:104B3000010E7C6FA4EC9CF07E6B7E510E0D0D0E71
:104B4000F324D96E140EF420DA6E030EDE18D8A406
:104B50001AD07E51240D550EF324746F160EF420D6
:104B6000756F7E5136ECCEF0766F000E776FFF0ECC
:104B7000786FFF0E796FFF0E7A6FFF0E7B6F000E5E
:104B80007C6FA4EC9CF07E510E0D7E0EF324D96E4A
:104B9000140EF420DA6E030EDE18D8A41BD07E515A
:104BA000240D350EF324746F150EF420756F7E51AD
:104BB000080F36ECCEF0766F000E776FFF0E786F31
:104BC000FF0E796FFF0E7A6FFF0E7B6F000E7C6F0A
:104BD000A4EC9CF07E2B070E7E65AFD71200D69E0C
:104BE00020C56FF5F80E2016D68E6FC567F5070E37
:104BF0006717D8B41200706B900E7025D96EDA6A00
:104C0000090EDA22DF50D8B485D0800E7025D96E17
:104C1000DA6A090EDA22DF506E6F6FA103D06E518F
:104C2000D8B40BD06FA303D06E05D8B406D06FA54F
:104C300071D0020E6E19D8A46DD07051020D400EC5
:104C4000F324D96E090EF420DA6EDE50DE10D8B4EB
:104C500043D07051020D400EF324D96E090EF4209A
:104C6000DA6EDE06000EDD5ADE50DE10D8A452D019
:104C700070C567F5070E671767510E0DF3C468F529
:104C8000F4C469F570C56AF5D8906A33D8906A3370
:104C9000D8906A336A51710D0D0EF3246B6F140EA8
:104CA000F4206C6F68516B25D96E69516C21DA6EF6
:104CB000DF506D6F040E6D19D8B404D0050E6D1958
:104CC000D8A404D070513AECC8F024D0000E616F23
:104CD000705194ECC5F01ED07051020D600EF3249B
:104CE000D96E090EF420DA6EDE50DE10D8B412D080
:104CF0007051020D600EF324D96E090EF420DA6EA5
:104D0000DE06000EDD5ADE50DE10D8A403D070514E
:104D10000AECC1F00501702B0F0E70656DD7120003
:104D2000000140B11200120E1402F3C466F5F4C47F
:104D300067F51502F350050167274C0E6625D96EFD
:104D4000080E6721DA6EDF50D8B474D014C566F54A
:104D500015C567F5686B67BF6869F00E6625696FF2
:104D6000030E67216A6F380E68216B6F69C561F5A4
:104D70006AC562F56BC563F50BECCAF00009D8B4DF
:104D800002D0010E01D0000E05016C6F6C51D8B439
:104D900012D0120E1402F3C466F5F4C467F51502BE
:104DA000F35067274B0E6625D96E080E6721DA6E21
:104DB000DF50D8A415D06C51D8A42BD0120E1402F9
:104DC000F3C466F5F4C467F51502F35067274A0E7D
:104DD0006625D96E080E6721DA6EDF50D8B419D077
:104DE00069C561F56AC562F56BC563F5120E1402FB
:104DF000F3C466F5F4C467F51502F35067274A0E4D
:104E00006625D96E080E6721DA6EDF50646F59ECA3
:104E1000C3F0120E1402F3C466F5F4C467F515026C
:104E2000F350050167274C0E6625D96E080E6721E1
:104E3000DA6EDF6A144A152A080E14181510D8A461
:104E40001200000E156E000E146E1200FE0E05010B
:104E50009119D8A407D08DC5D9F48EC5DAF492C5BE
:104E6000DFF41200FD0E9119D8A40DD08DC575F593
:104E70008EC576F58FC577F590C578F592C579F52D
:104E800098ECC0F01200FC0E9119D8A45AD08D51A4
:104E90008E118F119011D8A40BD0040E6F6F800E5D
:104EA000706F000E716F92C572F56EECCBF0120050
:104EB0008D058E118F119011D8A40BD0050E6F6F38
:104EC000800E706F000E716F92C572F56EECCBF0B4
:104ED0001200020E8D198E118F119011D8A412009C
:104EE000550E9219D8A41200000E616F800E626FE9
:104EF000000E636F010E656F000E646F010E666F2A
:104F0000ACECBFF0000E616F800E626F000E636F3D
:104F1000CCECC9F07A69000E05017A6F000E7B6F48
:104F2000000E7C6F000E7D6F780E7E6F070E7F6F18
:104F3000000E816F030E806F3EECBAF040ECCEF0B5
:104F40001200FB0E9119D8A412008D518E118F11F1
:104F50009011D8B41200020E8D25756F000E8E21AF
:104F6000766F000E8F21776F000E9021786F92C5BB
:104F700079F598ECC0F01200666F05016651030BDD
:104F8000656F6641E8423F0B676F6751D8A404D054
:104F90003E0E686F070E03D01A0E686F070E696F1A
:104FA00064D06751050D2E0EF324D96E150EF42032
:104FB000DA6EDF50616F6151040DC40EF324D96EB7
:104FC000090EF420DA6E10EE0FF06851E1266951F7
:104FD000E222DEC4E6F4DEC4E6F4DEC4E6F4DEC4B7
:104FE000E6F4120020EE0FF06851D9266951DA225A
:104FF000DE50DE10DE10DE10D8A421D06751050D82
:105000002E0EF324D96E150EF420DA6EDF50616F88
:105010006151040DC40EF324D96E090EF420DA6E2A
:1050200010EE0FF06851E1266951E222DEC4E6F489
:10503000DEC4E6F4DEC4E6F4DEC4E6F4120020EEDC
:105040000FF06851D9266951DA22DE6ADE6ADE6A1B
:10505000DD6A120020EE0FF06851D9266951DA227C
:10506000DE6ADE6ADE6ADD6A12006751050D2A0E0D
:10507000F324616F150EF420626F65516125D96EBE
:10508000000E6221DA6EDF500B0AD8B48AD7060A06
:10509000D8B4A8D7DFD70C0E616F6751FEECCAF009
:1050A0006C6F0C0E616F675159ECCCF06A6F6C51EC
:1050B0000E0D0F0EF324686F140EF420696F6A5101
:1050C0006825D96E000E6921DA6EDF506B6F060E0F
:1050D0006A6157D06B51D8A421D0040E666FC70EF9
:1050E000656F12006C51120D4B0EF324D96E080E31
:1050F000F420DA6EDF50D8B419D0040E666FC40EF7
:10510000656F12006C51120D4A0EF324D96E080E11
:10511000F420DA6EDF50D8A4F0D708D06B51020A21
:10512000D8B4E0D7010AD8B4EDD7D7D7040E666F4C
:10513000C50E656F12006C51120D4B0EF324D96E23
:10514000080EF420DA6EDF50D8A4D7D72DD06C51DA
:10515000120D4B0EF324D96E080EF420DA6EDF50D8
:10516000D8B4CBD721D06C51120D4A0EF324D96E8E
:10517000080EE7D76C51120D4A0EF324D96E080EB3
:10518000ECD76B51130AD8B4D6D7070AD8B4DFD7F7
:10519000010AD8B4E8D7030AD8B4ECD7010AD8B4C6
:1051A0009CD70F0AD8B499D7050E666F450E656F68
:1051B000120020EE10F08351D9268451DA22DF50FC
:1051C000886FC00E886132D00C0E616F8851FEEC82
:1051D000CAF0876F8739E8461F0B866F8751070B28
:1051E000876F8651710D0C0EF324D96E140EF420C6
:1051F000DA6EDE04D8A40DD083C565F584C566F5E6
:1052000088C567F54BECA8F065C583F566C584F5E0
:10521000120083C570F584C571F588C572F535EC4B
:1052200091F070C583F571C584F51200C40E8861D4
:105230000DD083C561F584C562F588C563F55BEC67
:10524000B7F061C583F562C584F51200CC0E8861A4
:105250000DD083C561F584C562F588C563F5BEECE4
:10526000B0F061C583F562C584F51200CC0E8819D3
:10527000D8A411D06500D0F4E8F4010AD8B406D05F
:105280006500D0F4E8F4030AD8A41BD0040E846FA0
:10529000C40E836F1200CD0E8819D8A40DD06500FE
:1052A000D0F4E8F4020AD8B4F1D76500D0F4E8F4F9
:1052B000030AD8B4EBD705D0040E846FC70E836FF2
:1052C0001200040E846FC50E836F1200010E6B6F07
:1052D000696B6A6B6C6B6C510E0DF3C463F5F4C4AF
:1052E00064F561C5D9F462C5DAF4DF50656F6551C4
:1052F000710D0D0EF324666F140EF420676F635169
:105300006625D96E64516721DA6E030EDE18D8A4C3
:105310003FD06B5169136C51240DF3C463F5F4C491
:1053200064F520EE05F06151D9266251DA22DEC41F
:1053300065F5DDC466F563516525676F64516621C7
:10534000686F210E6725D96E000E6821DA6EDF5076
:10535000D8B40FD020EE01F06151D9266251DA2283
:1053600010EE08F0DE50E126DD50E222E750FF0AA1
:105370000DD020EE01F06151D9266251DA2210EEF3
:1053800008F0DE50E126DD50E222E7506B156A138B
:105390006C2BD8906B37070E6C659DD76951FF0A4F
:1053A000636F20EE01F06151D9266251DA2210EECE
:1053B00004F0DE50E126DD50E2226351E71620EED4
:1053C00001F06151D9266251DA2210EE04F0DE506C
:1053D000E126DD50E2226A51E7121200DB6B20EE7B
:1053E00008F0D251D926D351DA22DEC4D4F5DDC477
:1053F000D5F5DB51D425D96E000ED521DA6EDBC58B
:10540000DFF4D2C561F5D3C562F5DBC563F580EC89
:10541000C8F061C57AF562C57BF57C6B7D6BDB51AD
:10542000090DF3C4D4F5F4C4D5F520EE06F0D2513D
:10543000D926D351DA22DEC4D6F5DDC4D7F5D4514E
:10544000D6257E6FD551D7217F6F000E816F080E54
:10545000806F01ECB6F0D2C561F5D3C562F5DBC54E
:1054600063F5A3ECC8F0D46FDB51090DF3C4D5F597
:10547000F4C4D6F520EE06F0D251D926D351DA2263
:10548000DEC4D7F5DDC4D8F5D551D725D96FD651AF
:10549000D821DA6F080ED925D96E000EDA21DA6E1E
:1054A000D451DF12DB2BCD0EDB6599D720EE08F04F
:1054B000D251D926D351DA22DEC476F5DDC477F590
:1054C000000E796FCE0E786F000E7B6F010E7A6F33
:1054D000720E7C6F7C0E7D6F010E7E6F5FEC86F02E
:1054E0001200676B63C5D9F464C5DAF461C5E1F4F1
:1054F00062C5E2F4DE50E618D8A472D020EE01F0C6
:105500006351D9266451DA2210EE01F06151E1268F
:105510006251E222DE50E618D8A462D020EE02F0FA
:105520006351D9266451DA2210EE02F06151E1266E
:105530006251E222DE50E618D8A452D020EE03F0E9
:105540006351D9266451DA2210EE03F06151E1264D
:105550006251E222DE50E618D8A442D020EE04F0D8
:105560006351D9266451DA2210EE04F06151E1262C
:105570006251E222DE50E618D8A432D020EE05F0C7
:105580006351D9266451DA2210EE05F06151E1260B
:105590006251E222DE50E618D8A422D020EE06F0B6
:1055A0006351D9266451DA2210EE06F06151E126EA
:1055B0006251E222DE50E618D8A412D020EE07F0A5
:1055C0006351D9266451DA2210EE07F06151E126C9
:1055D0006251E222DE50E618D8A402D0010E676FB5
:1055E00067511200776F05017751070B756F910EA8
:1055F0007525F66EF76ACB0EF722F86A000EF822D0
:105600000800F5C478F577510C0DF350060F726F52
:10561000746B080E776106D0736BE0C779F5E1C74C
:105620007AF506D0010E736FE8C779F5E9C77AF508
:105630007B6B75510E0DF3C46CF5F4C46DF57351AD
:10564000710D150EF3246E6F140EF4206F6F6C51F4
:105650006E25706F6D516F21716F7B517025D96E02
:10566000000E7121DA6EDF50766F070E7619D8A41E
:105670000BD020EE09F07951D9267A51DA22DF5089
:1056800078150009D8B40FD0080E7619D8A416D012
:1056900020EE09F07951D9267A51DA22DF507815B7
:1056A0000009D8B40BD0750E616F070E626F72518E
:1056B0007B25636F96ECB4F0010E746F7B2B050EA7
:1056C0007B65B7D77851FF0A6C6F20EE0DF07951EA
:1056D000D9267A51DA226C51DF16745112008A0EE3
:1056E00005016F6FB00E706F010E716F02ECCCF0A0
:1056F000E806D8A404D0C068C86A0401116BBE8053
:10570000D66A3F0EF06E070EF16E200E0001AD6FEF
:10571000AF6B010EB36FB16BB06BB2A1FED7B16BC3
:10572000B38DB38BB2ABFED7460E02010B6F0B0EDF
:105730003D6F010E0501F76F78ECBEF04BECCEF03B
:1057400039ECC5F00CECCEF0020E0001706F706BFE
:105750007251F80B0309726F7351F80B0609736FDE
:10576000708F850E0301D76FD7ADFED7820E05016E
:10577000DD6FDD0EE82EFED7DD2FFCD700D0000157
:105780004B51F00B08094B6F4A814A8F4AA9FED74B
:10579000AE92030162839E820A0EF66EB00EF76E21
:1057A000010EF86E0800F5C4DEF50501DE29D8A467
:1057B00008D0000E7A6F800E7B6F000E7C6F9BEC22
:1057C000C6F00501DE51ABEC98F0CAEC82F0D68E43
:1057D000D68C1200676B61C5D9F462C5DAF410EE9D
:1057E00005F0DE50E126DD50E22263C5D9F464C540
:1057F000DAF4E650DE18D8A466D061C5D9F462C5E3
:10580000DAF410EE06F0DE50E126DD50E22220EE62
:1058100001F06351D9266451DA22E650DE18D8A48B
:1058200052D061C5D9F462C5DAF410EE07F0DE504B
:10583000E126DD50E22220EE02F06351D9266451C8
:10584000DA22E650DE18D8A43ED061C5D9F462C58C
:10585000DAF410EE08F0DE50E126DD50E22220EE10
:1058600003F06351D9266451DA22E650DE18D8A439
:105870002AD061C5D9F462C5DAF410EE09F0DE5021
:10588000E126DD50E22220EE04F06351D926645176
:10589000DA22E650DE18D8A416D061C5D9F462C564
:1058A000DAF410EE0AF0DE50E126DD50E22220EEBE
:1058B00005F06351D9266451DA22E650DE18D8A4E7
:1058C00002D0010E676F6751120020EE01F0725195
:1058D000D9267351DA22DEC474F5DDC475F574C5BA
:1058E000D9F475C5DAF4DE6ADE6ADE6ADD6A72C58D
:1058F0006DF573C56EF5F3ECB4F0766B20EE01F048
:105900007251D9267351DA2210EE04F0DE50E126EE
:10591000DD50E22220EE01F07251D9267351DA22D5
:10592000DEC474F5DDC475F576517427000E752359
:105930000A0E7425D96E000E7521DA6EE7C4DFF405
:10594000762B010E7665DAD720EE01F07251D9265A
:105950007351DA2210EE04F0DE50E126DD50E2222F
:1059600020EE01F07251D9267351DA2200EE09F0CF
:10597000DE50E926DD50EA22E7C4EFF420EE01F024
:105980007251D9267351DA2210EE0CF0DE50E12666
:10599000DD50E222E76A20EE01F07251D926735100
:1059A000DA2210EE0DF0DE50E126DD50E222E76A49
:1059B00012009A6B9E0E696F050E6A6F92C5D9F43C
:1059C00093C5DAF4DEC494F5DDC495F5050E94258F
:1059D0006B6F000E95216C6F000E6E6F080E6D6F71
:1059E000E8ECC8F09C699D693FD020EE08F090512A
:1059F000D9269151DA22DEC494F5DDC495F59C5187
:105A00009425D96E9D519521DA6EDF509B6F9B5185
:105A1000090DF3C494F5F4C495F520EE06F0905109
:105A2000D9269151DA22DEC496F5DDC497F594515A
:105A30009625986F95519721996F080E9825D96EE4
:105A4000000E9921DA6EDFAA05D09B511DECCEF035
:105A5000010E9A6F9C4B9D2B9DBF06D09D511BE163
:105A6000CE0E9C5DD8B017D090C568F591C569F58C
:105A70009E0E6A6F050E6B6F9CC56CF59DC56DF52E
:105A800049EC9AF068C59CF569C59DF59C29ADE186
:105A90009D29D8A4AAD79A51120020EE4EF0FB51AE
:105AA000D926FC51DA22DF50D8B4120051D0FBC7FE
:105AB00086F5FCC787F5020EFB250501886F000EF1
:105AC0000701FC210501896F070120EE4AF0FB5117
:105AD000D926FC51DA22DEC48AF5DDC48BF514EC3C
:105AE0009BF01200FBC7F6F8FCC7F7F8020EFB2587
:105AF0000801F86F000E0701FC210801F96F07018A
:105B000020EE4AF0FB51D926FC51DA22DEC4FAF825
:105B1000DDC4FBF87AEC99F01200FBC7F6F8FCC77D
:105B2000F7F8020EFB250801F86F000E0701FC21B3
:105B30000801F96F070120EE4AF0FB51D926FC510C
:105B4000DA22DEC4FAF8DDC4FBF8A0EC84F012001F
:105B500020EE03F0FB51D926FC51DA22DF50C00BB6
:105B6000FD6FFE6BFE51000AD8A41200FD51000A21
:105B7000D8B4B8D7400AD8B49AD7C00AD8A412006B
:105B8000CCD76E6FC00E05016E612FD00C0E616F09
:105B90006E51FEECCAF06D6F6D39E8461F0B6B6FEE
:105BA0006D51070B6D6F0C0E616F6E5159ECCCF09F
:105BB0006C6F6D510E0DF3C465F5F4C466F56B5151
:105BC000710D0F0EF324676F140EF420686F65518A
:105BD0006725696F665168216A6F6C516925D96EB6
:105BE000000E6A21DA6EDF501200C00E6E5F040EE6
:105BF0006E6118D06EC565F5010E65176EC566F548
:105C0000D89066336651020D260EF324676F150E89
:105C1000F420686F65516725D96E000E6821DA6E31
:105C2000DF501200040E6E5F080E6E611AD06EC552
:105C300065F5030E65176EC566F5D8906633D89086
:105C400066336651050D2A0EF324676F150EF42096
:105C5000686F65516725D96E000E6821DA6EDF50D6
:105C60001200000E12009D0E696F050E6A6F92C53C
:105C7000D9F493C5DAF4DEC494F5DDC495F5050EC8
:105C800094256B6F000E95216C6F000E6E6F080EE1
:105C90006D6FE8ECC8F09B699C693DD020EE08F080
:105CA0009051D9269151DA22DEC494F5DDC495F5E0
:105CB0009B519425D96E9C519521DA6EDF509A6FD5
:105CC0009A51090DF3C494F5F4C495F520EE06F04D
:105CD0009051D9269151DA22DEC496F5DDC497F5AC
:105CE00094519625986F95519721996F080E982594
:105CF000D96E000E9921DA6EDFAA03D09A5115EC05
:105D0000CEF09B4B9C2B9CBF06D09C511CE1CE0E31
:105D10009B5DD8B0120090C568F591C569F59D0EE0
:105D20006A6F050E6B6F9BC56CF59CC56DF549ECF4
:105D30009AF068C59BF569C59CF59B29AFE19C2944
:105D4000D8B41200ABD71200070E696501D012005B
:105D5000910E6925F66EF76ACB0EF722F86A000EEF
:105D6000F8220800F5C470F56C51D8A405D0000ED7
:105D70006F6F000E6E6F03D070C56EF56F6B20EE07
:105D800008F06751D9266851DA2210EE08F0675101
:105D9000E1266851E222E7506D6F7051FF0A6D15E0
:105DA0006E11DF6E20EE05F06751D9266851DA22B8
:105DB00010EE05F06751E1266851E222E7506D6F61
:105DC0007051FF0A6D15DF6E20EE05F06751D92680
:105DD0006851DA2210EE06F06751E1266851E2229E
:105DE000DFC4E7F46B51D8A40CD07051FF0A6D6F7B
:105DF00020EE07F06751D9266851DA226D51DF167F
:105E000008D020EE07F06751D9266851DA22705188
:105E1000DF1270C561F567C562F568C563F56A5143
:105E200078ECBCF012000101018F0351F80B04095A
:105E3000036F0239E832070B040AD8A4FAD7000E20
:105E40004C6F380E4D6F000E4E6F000E4F6F600E90
:105E5000006F870E016F100E026F0F0E03174F0EAB
:105E6000046F4F0E056FEE0E066F076B800E506FBE
:105E70005185610E526F030E536F800E5C6F5D850E
:105E8000600E5E6F1F0E5F6F686B6985600E6A6FD4
:105E90001F0E6B6F806B8C6B8D6B8E6B8F6B906B33
:105EA000916B926B400E936F820E806F816B946B3F
:105EB000956B966B400E976F986B996B9A6B400E33
:105EC0009B6F820E816F0351F80B0609036F05016A
:105ED000626909D0820E0501616FDD0EE82EFED7E2
:105EE000612FFCD700D001010239E832070B060A06
:105EF000D8B41200050162076229D8B41200EAD7AB
:105F0000776B7751090DF3C471F5F4C472F520EE87
:105F100006F06F51D9267051DA22DEC473F5DDC464
:105F200074F571517325756F72517421766F080E77
:105F30007525D96E000E7621DA6EDFBA1ED0775144
:105F4000090DF3C471F5F4C472F520EE06F06F513B
:105F5000D9267051DA22DEC473F5DDC474F57151AF
:105F60007325756F72517421766F080E7525D96E81
:105F7000000E7621DA6EDFAC24D07751C1ECADF0A3
:105F80000009D8B41ED07751090DF3C471F5F4C4DB
:105F900072F520EE06F06F51D9267051DA22DEC478
:105FA00073F5DDC474F571517325756F72517421E9
:105FB000766F080E7525D96E000E7621DA6E000E0A
:105FC000DB80772BCD0E77659CD720EE10F06F51DC
:105FD000D9267051DA22DF6A120020EE22F06C51CD
:105FE000D9266D51DA22DF50D8B4120020EE22F00B
:105FF0006C51D9266D51DA22DF6A20EE21F06C5106
:10600000D9266D51DA22DF50D8B42FD06E51020D4F
:10601000260EF324D96E150EF420DA6E090EDE1862
:10602000D8A40BD0750E616F070E626F6E51020D12
:10603000F350C00F636F96ECB4F06E51020D270E53
:10604000F324D96E150EF420DA6E090EDE18D8A4EA
:106050001200750E616F070E626F6E51020DF350E4
:10606000C10F636F96ECB4F012006E51020D260E54
:10607000F324D96E150EF420DA6E0A0EDE18D8A4B9
:106080000BD0750E616F070E626F6E51020DF350EB
:10609000C00F636F96ECB4F06E51020D270EF3241F
:1060A000D96E150EF420DA6E0A0ED0D79251090D72
:1060B000F3C493F5F4C494F520EE06F09051D9267C
:1060C0009151DA22DEC495F5DDC496F593519525FC
:1060D000976F94519621986F080E9725D96E000EF0
:1060E0009821DA6EDFAC12009251090DF3C493F5DA
:1060F000F4C494F520EE06F09051D9269151DA229D
:10610000DEC495F5DDC496F593519525D96E94516D
:106110009621DA6E11EE99F1070EDBC4E3F4E8067E
:10612000FCE220EE0CF09051D9269151DA22DEC427
:1061300077F5DDC478F5990E796F050E7A6F4EEC20
:10614000C4F020EE0CF09051D9269151DA22DEC431
:1061500093F5DDC494F593C5D9F494C5DAF4DEC49F
:106160008AF5DDC48BF5000E8C6F000E8D6F000E6E
:106170008E6F000E8F6F34ECCDF0120063C56BF59F
:106180006B513C0F6B6F6BC564F5030E64176BC5E9
:1061900065F5D8906533D89065336551050D2A0EA5
:1061A000F324666F150EF420676F64516625D96E6F
:1061B000000E6721DA6EDF50686F6B41E8423F0BDB
:1061C000D8A404D03E0E696F070E03D01A0E696F73
:1061D000070E6A6F6851D8A42BD0040E626FC70EE9
:1061E000616F120020EE0EF06951D9266A51DA2251
:1061F00010EE20F06951E1266A51E222DE50E618E5
:10620000D8B41ED0040E626FC40E616F120020EE6F
:106210000EF06951D9266A51DA2210EE20F0695148
:10622000E1266A51E222DE50E618D8B4EBD708D056
:1062300068510B0AD8B4EBD7070AD8B4D3D7CDD757
:10624000040E626FC50E616F1200766F05016C510E
:106250000C0DF3C46FF57651600DF3506F25060FEA
:10626000786F060E756F776B6C510E0DF3C46FF57A
:10627000F4C470F57651710D0F0EF324716F140E86
:10628000F420726F6F517125736F70517221746FAA
:1062900075517325D96E000E7421DA6EDF50796F57
:1062A00029D0060E7919D8B407D06E51D8A42CD0B5
:1062B0001C0E7919D8A428D0750E616F070E626F75
:1062C00078C563F596ECB4F01FD0050E7919D8B4F3
:1062D000F3D76E51D8A418D01B0E7919D8B4ECD7C7
:1062E00013D0240E7919D8B4E7D76E51D8A40CD0A6
:1062F000230EF3D76D51020AD8B4E7D7010AD8B4F8
:10630000D0D7070AD8B4EDD7772B752B782B050E8D
:106310007765AAD712004E0EF66E990EF76E010E33
:10632000F86E02EEC4F110EE24F00900F5C4EEF4AC
:10633000E550E150FAE1900EF66E9C0EF76E010EFC
:10634000F86E01EEF5F310EE06F00900F5C4EEF478
:10635000E550E150FAE103EECEF012EEA7F2EE6A5C
:10636000E550E150FCE1E250FAE103EE00F0CE0E20
:10637000EE6AE806FDE102EE00F3A30EEE6AE8061F
:10638000FDE102EE00F2FB0EEE6AE806FDE102EE30
:1063900000F1C40EEE6AE806FDE102EE00F0F60E32
:1063A000EE6AE806FDE101EE00F3F50EEE6AE8069E
:1063B000FDE101EEF1F10E0EEE6AE806FDE101EEFF
:1063C00001F1230EEE6AE806FDE10401080E5D6F9F
:1063D000810E5E6F000E5F6F00011EEF90F0930E56
:1063E000616F050E626FEEECCDF09A0E696F050ECF
:1063F0006A6F930E6B6F050E6C6F000E6E6F060E5C
:106400006D6FE8ECC8F0996B9A0E616F050E626FC4
:1064100020EE03F08D51D9268E51DA22DFC48FF59C
:10642000010EDE26DFC490F5000EDD228FC563F578
:1064300090C564F501ECCDF08DC561F58EC562F5B2
:1064400099C563F580ECC8F061C591F562C592F518
:1064500091C57AF592C57BF57C6B7D6B9A0E7E6F4C
:10646000050E7F6F000E816F080E806F3EECBAF054
:106470000501992BCD0E9965C7D7000E7A6F000ED6
:106480007B6F000E7C6F000E7D6F030E8D257E6F7F
:10649000000E8E217F6F000E816F030E806F3EEC29
:1064A000BAF012007AC573F57BC574F5000E766FED
:1064B000680E756FA2ECCBF07AC573F57BC574F5E9
:1064C0007CC561F57DC562F5EBECCBF061C575F57A
:1064D00062C576F5FFECB8F07AC5D9F47BC5DAF47D
:1064E00010EE04F0DE50E126DD50E222060EE76EEB
:1064F0007AC5D9F47BC5DAF410EE07F0DE50E12658
:10650000DD50E2227FC5E7F47AC5D9F47BC5DAF421
:1065100010EE08F0DE50E126DD50E2227EC5E7F401
:106520007CC561F57DC562F516ECC7F0FF0E6115FF
:10653000806F0F0E6215816F7AC5D9F47BC5DAF4CE
:1065400010EE09F0DE50E126DD50E22281C5E7F4CD
:106550007AC5D9F47BC5DAF410EE0AF0DE50E126F4
:10656000DD50E22280C5E7F41200050120EE02F0C2
:106570006351D9266451DA22DF50656F6551696F26
:106580006A6B6B6B6C6B69C566F56AC567F56BC545
:1065900068F5656B65C569F566C56AF567C56BF530
:1065A00068C56CF520EE03F06351D9266451DA22F8
:1065B000DF50656F6551691369C566F56AC567F592
:1065C0006BC568F5656B65C569F566C56AF567C530
:1065D0006BF568C56CF520EE04F06351D926645163
:1065E000DA22DF50656F6551691369C566F56AC5C2
:1065F00067F56BC568F5656B65C569F566C56AF5D0
:1066000067C56BF568C56CF520EE05F06351D926BA
:106610006451DA22DF50656F6551691369C561F510
:106620006AC562F56BC563F56CC564F512000501BA
:106630006F6B6F51120D440EF324D96E080EF420C7
:10664000DA6EDEC469F5DDC46AF56F51120D420ED3
:10665000F324D96E080EF420DA6EDEC46BF5DDC4C7
:106660006CF569516B5D616F6A516C59626F000E18
:10667000646F020E636FBAECBCF061C56DF562C564
:106680006EF56F51120D440EF324D96E080EF420EE
:10669000DA6EDEC469F5DDC46AF56D5169276E51A5
:1066A0006A236F51120D460EF324D96E080EF420A2
:1066B000DA6E69C5DEF46AC5DDF46F51120D520E53
:1066C000F324D96E080EF420DA6E6F51070DF30E25
:1066D000F324E16E140EF420E26EE750D8B402D039
:1066E000010E01D0000EDF6E6F2B070E6F65A1D774
:1066F0001200000E7B6F000E7A6F6FC569F570C5D2
:106700006AF571C56BF5F1ECBBF005016F51786F5F
:10671000796B7A517225746F7B517321756F74C5D3
:10672000F6F475C5F7F4000EF86E000E7825D96EF4
:10673000370E7921DA6E0800F5C4DFF4784B792B37
:106740007A51746F7B51756F7A4B7B2B7451722524
:10675000766F75517321776F76C5F6F477C5F7F4C8
:10676000000EF86E0800F5500009D8B403D0790582
:10677000D8A0CFD77A517225746F7B517321756F72
:10678000FF0E7425766FFF0E7521776F76C5F6F4D0
:1067900077C5F7F4000EF86E0800F5500009D8A48C
:1067A00004D0010E0701176F1200010E0701176FC9
:1067B000A4D720EE07F08651D9268751DA22DF5080
:1067C000886F88510E0DF3C489F5F4C48AF586C527
:1067D000D9F487C5DAF4DF508B6F8B51710D0D0E34
:1067E000F3248C6F140EF4208D6F89518C25D96E93
:1067F0008A518D21DA6E030EDE18D8A420D020EE47
:1068000007F08651D9268751DA22DF50886F8851E8
:10681000240DF3C489F5F4C48AF520EE05F0865101
:10682000D9268751DA22DEC48BF5DDC48CF5895177
:106830008B25746F8A518C21756FA3EC7CF020EE50
:1068400007F08651D9268751DA22DF2A20EE07F099
:106850008651D9268751DA22080EDE18D8A41200F4
:1068600020EE07F08651D9268751DA22DF6A12001E
:106870007F6B7F510E0D7E0EF324D96E140EF42023
:10688000DA6E030EDF6E7F510E0D7F0EF324D96E8C
:10689000140EF420DA6EDF6A070120EE04F0EA51EC
:1068A000D926EB51DA22DE6ADD6AE8C767F5E9C767
:1068B00068F57FC569F505017F51080F6A6F010E04
:1068C0006B6F000E6C6FA4ECAEF07F51240DF3C41F
:1068D0007DF5F4C47EF57D510701EC250501746F4B
:1068E0007E510701ED210501756F7F51080F36ECD0
:1068F000CEF0766F000E776F000E786F000E796F16
:10690000000E7A6F000E7B6F010E7C6FA4EC9CF082
:106910007F51070DF40EF324D96E140EF420DA6EB5
:10692000DF6A7F2B070E7F65A4D712006351090D24
:10693000F3C464F5F4C465F520EE06F06151D92680
:106940006251DA22DEC466F5DDC467F5645166255E
:10695000686F65516721696F080E6825D96E000E52
:106960006921DA6EDFAC12006351090DF3C464F5DE
:10697000F4C465F520EE06F06151D9266251DA22A1
:10698000DEC466F5DDC467F564516625686F655140
:106990006721696F080E6825D96E000E6921DA6ECD
:1069A000000EDB8220EE10F06151D9266251DA220E
:1069B0006351DE5CD8A003D063C56AF50AD020EE2F
:1069C00010F06151D9266251DA22DF50646F6451B0
:1069D0006A6F6B6B20EE10F06151D9266251DA229A
:1069E0006AC5DFF412006DC5D9F46EC5DAF4DF5064
:1069F0006F6F6F51710D0C0EF324D96E140EF420CD
:106A0000DA6EDF50D8B412D06DC5D9F46EC5DAF4A1
:106A1000DF506F6F6F51710D0C0EF324D96E140E91
:106A2000F420DA6E030EDE18D8A4120020EE01F076
:106A30006D51D9266E51DA2210EE04F0DE50E126B7
:106A4000DD50E22220EE01F06D51D9266E51DA229E
:106A500000EE08F0DE50E926DD50EA22EF506F6FBD
:106A600020EE03F06D51D9266E51DA2200EE08F0C7
:106A7000DE50E926DD50EA22EEC470F5EDC471F572
:106A800070C5D9F471C5DAF4DF506F19E76E6DC5C2
:106A900061F56EC562F566ECA9F0120080C561F57E
:106AA00081C562F589ECCBF061517C25826F625122
:106AB0007D21836F000E7E21846F000E7F21856F04
:106AC000010E8225866F000E8321876F000E8421C0
:106AD000886F000E8521896F07018A5105018A6F31
:106AE00007018B5105018B6F8C6B8D6B86518A5D15
:106AF00087518B5988518C5989518D59D8A01200D2
:106B00007C51070188250501826F7D51070189218C
:106B10000501836F000E846FB00E856F010E866FC6
:106B2000825184258E6F835185218F6F000E8621BF
:106B3000906F8EC56FF58FC570F590C571F580C5E6
:106B400072F581C573F579ECB3F0010E956F120003
:106B500080C57AF581C57BF582C57CF583C57DF559
:106B600084C57EF585C57FF5C4ECC6F080C5D9F433
:106B700081C5DAF4DEC473F5DDC474F50A0E766FF0
:106B8000480E756FA2ECCBF080C5D9F481C5DAF45C
:106B9000DEC488F5DDC489F588C5D9F489C5DAF481
:106BA00010EE07F0DE50E126DD50E22287C5E7F463
:106BB00080C5D9F481C5DAF4DEC488F5DDC489F571
:106BC00088C5D9F489C5DAF410EE08F0DE50E12664
:106BD000DD50E22286C5E7F480C5D9F481C5DAF438
:106BE000DEC488F5DDC489F588C5D9F489C5DAF431
:106BF00010EE04F0DE50E126DD50E222040EE76ED6
:106C0000120080517A25826F81517B21836F000EA3
:106C10007C21846F000E7D21856F07018A5105015B
:106C2000866F07018B510501876F886B896B8251D5
:106C3000865D835187598451885985518959D8B0C7
:106C40000ED07EC561F57FC562F5000E646F636985
:106C500080C565F581C566F519ECCCF012007A5156
:106C6000070188250501826F7B51070189210501F4
:106C7000836F000E846FB00E856F010E866F825198
:106C800084258A6F835185218B6F000E86218C6F3E
:106C90008AC56FF58BC570F58CC571F57EC572F52B
:106CA0007FC573F580C574F581C575F5E8ECC1F055
:106CB0001200FD0E8419D8A40DD080C574F581C5CD
:106CC00075F582C576F583C577F542ECC1F0856F21
:106CD000855112008429D8A40CD0210E8025F66E8F
:106CE000810E8121F76EF86A000EF8220800F55037
:106CF0001200FE0E8419D8A406D080C5D9F481C52F
:106D0000DAF4DF501200FC0E8419D8A40CD0140E53
:106D10008025F66ECB0E8121F76EF86A000EF82200
:106D20000800F5501200FB0E8419D8A417D080512A
:106D3000811182118311D8A402D0020E1200020E1A
:106D40008025746F000E8121756F000E8221766F91
:106D5000000E8321776F42ECC1F01200000E12008A
:106D600098C561F599C562F516ECC7F0E80E611992
:106D70004BE11D0E6219D8A447D0080EF219D8A411
:106D800034D0010EF26F220E616F050E626F20EE9D
:106D900010F09A51D9269B51DA22DEC463F5DDC486
:106DA00064F5BBECBDF0220E736F050E746F0A0E16
:106DB000766F080E756FA2ECCBF098C561F599C59A
:106DC00062F5EBECCBF061C59CF562C59DF5220E3A
:106DD000736F050E746F9CC575F59DC576F5FFEC58
:106DE000B8F0010EF16F010E12000BC790F50CC741
:106DF00091F598C592F599C593F5200E956F000E03
:106E0000946F67ECC5F0EFD7000E120061C5D9F49E
:106E100062C5DAF4DF50636F6351710D0C0EF32419
:106E2000D96E140EF420DA6EDF50D8B412D061C5DA
:106E3000D9F462C5DAF4DF50636F6351710D0C0E43
:106E4000F324D96E140EF420DA6E030EDE18D8A4E3
:106E5000120020EE03F06151D9266251DA2210EEC1
:106E600004F0DE50E126DD50E222E6C463F5E5C41D
:106E700064F563C5D9F464C5DAF410EE01F061512C
:106E8000E1266251E22200EE08F0E650E926E550E4
:106E9000EA22EF50656F10EE01F06151E126625178
:106EA000E22200EE05F0E650E926E550EA22EF5036
:106EB0006519DF6E120063C56BF5C00E6B5F6BC5A5
:106EC00064F5010E64176BC565F5D890653365519F
:106ED000020D260EF324666F150EF420676F6451C1
:106EE0006625D96E000E6721DA6EDF50686FD89084
:106EF0006B31D8A404D03E0E696F070E03D01A0E72
:106F0000696F070E6A6F6851D8A41DD0050E626FB5
:106F1000470E616F120020EE21F06951D9266A51A7
:106F2000DA22DF50D8B417D0050E626F440E616FBD
:106F3000120020EE21F06951D9266A51DA22DF5081
:106F4000D8B4F2D708D06851090AD8B4E4D7030AF4
:106F5000D8B4EFD7DBD7050E626F450E616F120014
:106F60006D6B6D51666F676B686BF00E6625696FB0
:106F7000030E67216A6F380E68216B6F69C561F572
:106F80006AC562F56BC563F50BECCAF00009D8B4AD
:106F900002D0010E01D0000E05016C6F6C51D8B407
:106FA0000BD06D51120D4B0EF324D96E080EF42048
:106FB000DA6EDF50D8A40ED06C51D8A41DD06D511C
:106FC000120D4A0EF324D96E080EF420DA6EDF504B
:106FD000D8B412D069C561F56AC562F56BC563F5B1
:106FE0006D51120D4A0EF324D96E080EF420DA6E9C
:106FF000DF50646F59ECC3F0000140B1FDD70501CB
:107000006D2B070E6D65ADD712000501F451D8B494
:107010001200010160A1120012C573F513C574F5C9
:10702000060E0501766F680E756FA2ECCBF012C5E7
:1070300073F513C574F50DC775F50EC776F5FFEC3E
:10704000B8F012C5D9F413C5DAF4DEC490F5DDC486
:1070500091F5070E9025696F000E91216A6FF50E6C
:107060006B6F070E6C6F000E6E6F060E6D6FE8ECA7
:10707000C8F012C5D9F413C5DAF410EE04F0DE50EE
:10708000E126DD50E222080EE76E12C5D9F413C5E1
:10709000DAF4DEC48AF5DDC48BF5000E8C6F000EC9
:1070A0008D6F000E8E6F000E8F6F34ECCDF0F46B91
:1070B0001200080E0501F219D8B41200010160A1F6
:1070C0001200020E0501936F69EC9DF0906F9351D1
:1070D0002224916F000E2320926F050E9125D96E08
:1070E000000E9221DA6E90C5DFF4080EF219D8A4D2
:1070F00002D0932B04D0932B070E9365E5D720EE97
:1071000004F02250D9262350DA2293C5DFF4F1513E
:10711000D8B406D0080EF219D8A402D0020EF16F2E
:10712000220E616F050E626FF1C563F54CECC9F07C
:10713000F105D8A402D0030EF16F22C58AF523C54C
:107140008BF5000E8C6F000E8D6F000E8E6F000E93
:107150008F6F34ECCDF012006F6F05016F51070B8C
:107160006D6F6D510E0DF3C469F5F4C46AF5675186
:10717000710D0D0EF3246B6F140EF4206C6F6951BA
:107180006B25D96E6A516C21DA6EDF506E6F040E7A
:107190006E19D8B404D0060E6E19D8A41AD0020EF7
:1071A0006819D8A404D06F513AECC8F010D0030E7F
:1071B0006819D8A40CD0900E6F25D96EDA6A090E22
:1071C000DA22DF50D8A403D06F510AECC1F0010ECF
:1071D0001200050E6E19D8A410D0020E6819D8A49A
:1071E00004D06F513AECC8F0F2D7030E6819D8A456
:1071F000EED76F510AECC1F0EAD7000E120073C54A
:1072000069F574C56AF523ECCDF00501796F790550
:10721000D8A432D073C5D9F474C5DAF410EE05F0F1
:10722000DE50E126DD50E22276C5E7F473C5D9F4DD
:1072300074C5DAF410EE06F0DE50E126DD50E222ED
:1072400075C5E7F473C5D9F474C5DAF410EE04F02B
:10725000DE50E126DD50E222020EE760120073C527
:10726000D9F474C5DAF410EE04F0DE50E126DD50F6
:10727000E222020EE76E120073C561F574C562F575
:107280007951776F786B0C0ED89077377837E82E76
:10729000FBD775517711636F76517811646F8AEC63
:1072A000BAF0120020EE01F08D51D9268E51DA226B
:1072B00093C5DEF494C5DDF4000E7A6F000E7B6F8B
:1072C000000E7C6F000E7D6F030E8D257E6F000E0D
:1072D0008E217F6F000E816F030E806F01ECB6F080
:1072E00020EE06F08D51D9268E51DA228FC5DEF4BC
:1072F00090C5DDF420EE08F08D51D9268E51DA22AA
:1073000091C5DEF492C5DDF420EE0CF08D51D92646
:107310008E51DA2295C5DEF496C5DDF420EE0AF032
:107320008D51D9268E51DA2297C5DEF498C5DDF449
:1073300020EE05F08D51D9268E51DA22EE0EDF6E49
:10734000120063C5D9F464C5DAF4200EDE18D8B48F
:1073500002D0010E120020EE4AF06151D92662518E
:10736000DA2265C5DEF466C5DDF420EE4CF061512D
:10737000D9266251DA2267C5DEF468C5DDF4000E55
:107380006C6F000E6B6F16D063C5D9F464C5DAF468
:107390006B516125696F6C5162216A6F020E69251C
:1073A000E16E000E6A21E26EDFC4E7F4634B642BEA
:1073B0006B4B6C2B20EE4AF06151D9266251DA22D8
:1073C000DE506B5DDE506C59D8A0DED720EE4EF05B
:1073D0006151D9266251DA22010EDF6E000E1200D1
:1073E000896B8051811182118311D8A414D07EC57C
:1073F00074F57FC575F59BECA2F00501896F895185
:10740000D8B43AD020EE0EF07E51D9267F51DA2240
:10741000010EDF6E31D0B1ECC1F080516125856F76
:1074200081516221866F82516321876F835164216C
:10743000886F13D07EC574F57FC575F59BECA2F0FF
:107440000501896F8951D8B408D020EE0EF07E5125
:10745000D9267F51DA22010EDF6EB1ECC1F08551E1
:10746000615D865162598751635988516459D8B01A
:1074700003D08951D8B4DED78951120080517A25C2
:10748000826F81517B21836F000E7C21846F000EFF
:107490007D21856F07018A510501866F07018B5198
:1074A0000501876F886B896B8251865D835187598F
:1074B0008451885985518959D8A012007A51070101
:1074C00088250501826F7B51070189210501836FA2
:1074D000000E846FB00E856F010E866F8251842579
:1074E0008A6F835185218B6F000E86218C6F8AC530
:1074F0006FF58BC570F58CC571F57EC572F57FC5CE
:1075000073F580C574F581C575F5B6ECBEF0010E56
:10751000956F120061C5D9F462C5DAF4DEC465F571
:10752000DDC466F565C5D9F466C5DAF4FF0EDE166E
:107530000F0EDE16000EDE16F80EDE1663C56FF5B2
:1075400064C570F5716B726B6FC565F570C566F5D6
:1075500071C567F572C568F50C0ED890653766374A
:1075600067376837E82EF9D7000E6515696FF00E9A
:1075700066156A6FFF0E67156B6F070E68156C6FE7
:1075800061C5D9F462C5DAF4DEC46DF5DDC46EF50B
:107590006DC5D9F46EC5DAF46951DE126A51DE1296
:1075A0006B51DE126C51DE12120007018A51050187
:1075B0007C6F07018B5105017D6F7E6B7F6B010E28
:1075C0007625806F000E7721816F000E7821826F03
:1075D000000E7921836F7C51805D7D5181597E51F0
:1075E00082597F518359D8B01200765107018825FE
:1075F00005017C6F77510701892105017D6F000E20
:107600007E6FB00E7F6F010E806F7C517E25846F80
:107610007D517F21856F000E8021866F84C56FF5B7
:1076200085C570F586C571F57AC572F57BC573F5AC
:10763000D2ECC0F0010E956F120036D0F20E636FDF
:10764000490E646F000E656F000E666F1200000E2B
:10765000636F400E646F000E656F000E666F120060
:1076600031ECCEF061C563F562C564F5656B666BA0
:1076700012007D0E636F000E646F000E656F000ECA
:10768000666F12007F0E636F000E646F000E656FF1
:10769000000E666F1200030E636F000E646F000E23
:1076A000656F000E666F12006551FB0AD8B4EAD709
:1076B000070AD8B4DED7010AD8B4D2D7030AD8B49F
:1076C000C6D7010AD8B4BAD7E6D765C5D9F466C516
:1076D000DAF4FF0EDF6E696B22D065C5D9F466C59A
:1076E000DAF4FF0E0BD065C5D9F466C5DAF4FE0EE8
:1076F00005D065C5D9F466C5DAF4FD0EDF6E2AD073
:10770000010E696F20EE06F06351D9266451DA222A
:1077100065C5E1F466C5E2F4DFC4E7F41BD020EEF2
:1077200001F06351D9266451DA22DF50030B676FF1
:10773000686B6851000AD8A40DD06751000AD8B40C
:10774000DFD7010AD8B4D5D7030AD8B4CCD7010AF9
:10775000D8B4C3D76951120080C57AF581C57BF5CD
:1077600082C57CF583C57DF584C57EF585C57FF52D
:10777000C4ECC6F080C5D9F481C5DAF4DEC473F573
:10778000DDC474F50A0E766F280E756FA2ECCBF08F
:1077900080C5D9F481C5DAF4DEC487F5DDC488F587
:1077A00087C5D9F488C5DAF410EE07F0DE50E1267B
:1077B000DD50E22286C5E7F480C5D9F481C5DAF44C
:1077C000DEC487F5DDC488F587C5D9F488C5DAF449
:1077D00010EE04F0DE50E126DD50E222030EE76EEB
:1077E00012000F5010101110D8B43AD0000E05013D
:1077F00069156C6FFF0E6A156D6FFF0E6B156E6F5E
:107800000F506C1907E110506D1904E111506E19F9
:10781000D8B426D007011751D8B419D00FC561F5D7
:1078200010C562F511C563F5010E0501656F000E07
:10783000646F000E666FACECBFF00FC565F510C548
:1078400066F511C567F5DFECCDF00701176B69C56B
:1078500061F56AC562F56BC563F5EDECC6F0120023
:107860000F5010101110D8A41200F1D71A50070BA6
:107870007C6F7D6B910E7C25F66ECB0E7D21F76EB5
:10788000F86A000EF8220800F5C47FF5020E7E6F3C
:107890002AD0080E1A600ED00701DE5105017F15AF
:1078A0000009D8B405D025EE0CF0DF50D8B402D0D2
:1078B0001A2A1200070E1A640CD00701D0510501D4
:1078C0007F150009D8B4F4D725EE7DF0DF50D8A499
:1078D000EFD71A50F2ECAAF00009D8A4E9D71A2A77
:1078E0007E2F01D012000F0E1A64D3D71A6A12002D
:1078F000656F0501666B20EE07F06251D926635172
:10790000DA22DF5061150009D8A461C566F5080EBA
:10791000656118D020EE06F06251D9266351DA2253
:10792000DF50646F20EE08F06251D9266351DA22ED
:10793000DF5061156419C06E6151FF0AC8146611E9
:10794000C86E120020EE06F06251D9266351DA2289
:10795000DF50646F20EE08F06251D9266351DA22BD
:10796000DF5061156419C16E6151FF0AC9146611B7
:10797000C96E1200666B64AF06D0636D641FD8B029
:10798000642B010E666F62AF06D0616D621FD8B0C6
:10799000622B010E661B000E686F000E676F63514D
:1079A0006411D8B41CD0010E656F04D0D890633731
:1079B0006437652B64AFFAD7D8906737683763515F
:1079C000615D64516259D8A005D06351615F645113
:1079D000625B6781D89064336333652FEDD766515E
:1079E000D8B404D0676D681FD8B0682B67C561F53F
:1079F00068C562F51200050120EE55F06151D926E7
:107A00006251DA22DF50D8B4120020EE4CF06151FE
:107A1000D9266251DA2263C5DEF464C5DDF420EEB6
:107A20004EF06151D9266251DA2263C5DEF464C595
:107A3000DDF4040E6125676F000E6221686F20EE91
:107A400052F06151D9266251DA2267C5DEF468C569
:107A5000DDF420EE54F06151D9266251DA22010E94
:107A6000DF6E20EE50F06151D9266251DA2265C5F1
:107A7000DEF466C5DDF4120061C5D9F462C5DAF43E
:107A800063C5DEF464C5DDF420EE4EF06151D92605
:107A90006251DA22DF6A20EE52F06151D92662513A
:107AA000DA2268C5DEF469C5DEF46AC5DEF420EECC
:107AB0004FF06151D9266251DA2265C5DEF466C500
:107AC000DEF467C5DEF420EE55F06151D92662512F
:107AD000DA226BC5DEF46CC5DEF46DC5DEF420EE93
:107AE00058F06151D9266251DA226EC5DEF46FC5B5
:107AF000DEF470C5DEF4120061C5D9F462C5DAF4B3
:107B000063C5DFF420EE01F06151D9266251DA221B
:107B100064C5DFF420EE02F06151D9266251DA2209
:107B200065C5DFF420EE03F06151D9266251DA22F7
:107B300066C5DFF420EE04F06151D9266251DA22E5
:107B400067C5DFF420EE05F06151D9266251DA22D3
:107B500068C5DFF420EE06F06151D9266251DA22C1
:107B600069C5DFF420EE07F06151D9266251DA22AF
:107B70006AC5DFF4120061C5D9F462C5DAF410EE0B
:107B80000DF0DE50E126DD50E222E78261C5D9F436
:107B900062C5DAF410EE04F0DE50E126DD50E22298
:107BA000E76AFF0E6315656F0F0E6415666F676BEE
:107BB000686B000E6511696FF00E66116A6FFF0E3B
:107BC00067116B6F1F0E68116C6F61C5D9F462C5C8
:107BD000DAF4DEC46DF5DDC46EF56DC5D9F46EC59D
:107BE000DAF469C5DEF46AC5DEF46BC5DEF46CC593
:107BF000DEF41200FF0E07018A2505017B6FFF0EE0
:107C000007018B2105017C6F7D6B7E6B7B51775D5E
:107C10007C5178597D5179597E517A59D8B026D006
:107C200077510701882505017B6F7851070189216C
:107C300005017C6F000E7D6FB00E7E6F010E7F6FB1
:107C40007B517D25806F7C517E21816F000E7F21CD
:107C5000826F80C56FF581C570F582C571F523EC23
:107C6000C0F06FC577F570C578F51200776978694F
:107C7000120068C5D9F469C5DAF4DF50746F6AC5BB
:107C8000D9F46BC5DAF4DF50756F7451090DF3C484
:107C90006CF5F4C46DF56C5107017B2505016E6F21
:107CA0006D5107017C2105016F6F7551090DF3C4FA
:107CB0006CF5F4C46DF56C5107017B250501706FFF
:107CC0006D5107017C210501716F70C561F571C5AA
:107CD00062F56EC563F56FC564F546ECC6F0726F6C
:107CE000736B72BF730772C568F573C569F51200CF
:107CF0000301626B636B646B656B656B666B676BD3
:107D0000686B696B6A6B6B6B6C6B6D6B6E6B6F6BBF
:107D1000706B716B9F6AA06AA16AA26AA36AA46A67
:107D2000A56AA66AA76AA86AA96AAA6AAB6AAC6ABF
:107D3000AD6AAF6AB06AB16AB26AB36AB46AB56A68
:107D4000B66AB76AB86AB96ABA6ABB6ABC6ABD6A17
:107D5000D68A030E0701146FE80E136F3C0E1F6ED8
:107D6000000E126F000E116F196B1200000E776F6C
:107D7000000E766F6FC569F570C56AF571C56BF554
:107D8000F1ECBBF005016F51786F796B765172257C
:107D9000D96E77517321DA6E000E7825E16E370EB9
:107DA0007921E26EDFC4E7F4764B772B784B792BA1
:107DB000010E6F27000E7023000E71237407D8A0E8
:107DC000750774517511D8B403D07905D8A0DED7E2
:107DD00074517511D8A404D0010E0701176F120059
:107DE000010E0701176FC6D7886F05018851020D74
:107DF000000EF324D96E090EF420DA6E83C5DEF48A
:107E000084C5DDF48851020D200EF324D96E090ECD
:107E1000F420DA6E85C5DEF486C5DDF48851020DE6
:107E2000400EF324D96E090EF420DA6EDE6ADD6AA4
:107E30008851020D600EF324D96E090EF420DA6E1B
:107E4000DE6ADD6A800E8825D96EDA6A090EDA22CA
:107E500087C5DFF4900E8825D96EDA6A090EDA221A
:107E6000DF6A1200726B7251070DEF0EF324D96EA8
:107E7000140EF420DA6EDF50706F716BFA0E7027FB
:107E8000000E71237251120D420EF324D96E080EAA
:107E9000F420DA6E70C5DEF471C5DDF47251070DA1
:107EA000EE0EF324D96E140EF420DA6EDF50706FEC
:107EB000716BFA0E7027000E71237251120D440E71
:107EC000F324D96E080EF420DA6E70C5DEF471C5A5
:107ED000DDF4722B070E7265C6D717ECB3F01200F3
:107EE00027D03E0E746F070E756FA3EC7CF0010E69
:107EF0000701186F12001A0E746F070E756FA3EC4E
:107F00007CF0020E0701186F1200D20E746F080E7B
:107F1000756FA3EC7CF0030E0701186F1200A00E22
:107F2000746F090E756FA3EC7CF00701186B1200DB
:107F3000070118510501866F876B8751000AD8A485
:107F4000D0D78651010AD8B4D6D7030AD8B4DDD722
:107F5000010AD8B4E4D7C5D7635104E1800E625D4D
:107F6000D8A0120061C543F062C544F063C545F076
:107F700065C568F56851D8B421D0000ED6BE010E93
:107F8000676FD69E00014151F80B0609416F550EEF
:107F9000426FAA0E426F408140B1FED7050167B122
:107FA00002D0D69E01D0D68E000E00014327010ECE
:107FB0004423000E452305016807DCD76651D8B479
:107FC0001200000E0F6E000E106E000E116E1200E9
:107FD00061C5D9F462C5DAF463C5DEF464C5DDF4C5
:107FE00020EE02F06151D9266251DA2265C5DEF435
:107FF00066C5DDF420EE55F06151D9266251DA22D2
:10800000DF6A20EE4CF06151D9266251DA22FF0E70
:10801000DE6EFF0EDD6E590E6125676F000E622168
:10802000686F20EEA1F06151D9266251DA2267C54E
:10803000DEF468C5DDF420EE56F06151D9266251B8
:10804000DA22DF6A12006FC569F570C56AF571C57D
:108050006BF5F1ECBBF0FF0E05016F15726F000EB2
:108060007015736F000E7225D96E370E7321DA6E9C
:10807000DF50766F756B010E6F27000E7023000EB8
:1080800071236FC569F570C56AF571C56BF5F1ECC3
:10809000BBF0FF0E05016F15726F000E7015736F48
:1080A000000E7225D96E370E7321DA6EDF50746FB1
:1080B000755174116F6F7651706F12008E6FC00E14
:1080C00005018E612AD00C0E616F8E51FEECCAF054
:1080D0008D6F8D39E8461F0B8C6F8D51070B8D6F9F
:1080E0008C51710D0C0EF324D96E140EF420DA6E3F
:1080F000DE04D8A408D08DC57AF58AC57BF58E51EB
:10810000B2EC9FF012008CC57AF58DC57BF58AC55F
:108110007CF58E512CECA1F01200C30E8E6512007E
:10812000CC0E8E6112008E513C0FBCECA7F01200F9
:1081300007018A5105017A6F07018B5105017B6F99
:108140007C6B7D6B7A51755D7B5176597C5177598B
:108150007D517859D8B01200755107018825050165
:108160007A6F76510701892105017B6F000E7C6FC4
:10817000B00E7D6F010E7E6F7A517C257F6F7B5133
:108180007D21806F000E7E21816F7FC56FF580C5D8
:1081900070F581C571F579C572F56EECCBF0010E05
:1081A000956F12006FC569F570C56AF571C56BF5FD
:1081B000F1ECBBF0FF0E05016F15746F000E70152A
:1081C000756F000E7425D96E370E7521DA6E73C582
:1081D000DFF4010E6F27000E7023000E71236FC5B0
:1081E00069F570C56AF571C56BF5F1ECBBF0FF0E72
:1081F00005016F15746F000E7015756F000E7425F4
:10820000D96E370E7521DA6E72C5DFF4010E0701E3
:10821000176F1200666F05016651020D000EF32400
:10822000D96E090EF420DA6E6651020D400EF32469
:10823000E16E090EF420E26EDEC4E6F4DDC4E5F47E
:108240006651020D200EF324D96E090EF420DA6E69
:108250006651020D600EF324E16E090EF420E26E09
:10826000DEC4E6F4DDC4E5F4900E6625D96EDA6A64
:10827000090EDA22010EDF6E010E616F665194EC79
:10828000C5F0120007018A510501786F07018B5173
:108290000501796F7A6B7B6B7851745D79517559F3
:1082A0007A5176597B517759D8B022D07451070151
:1082B00088250501786F7551070189210501796FBE
:1082C000000E7A6FB00E7B6F010E7C6F78517A25AD
:1082D0007D6F79517B217E6F000E7C217F6F7DC584
:1082E0006FF57EC570F57FC571F502ECCCF012001C
:1082F000FF0E120061C5D9F462C5DAF463C5DFF47C
:1083000020EE01F06151D9266251DA2264C5DFF412
:1083100020EE02F06151D9266251DA2265C5DEF401
:1083200066C5DDF420EE04F06151D9266251DA22EF
:1083300067C5DEF468C5DDF420EE06F06151D9268C
:108340006251DA2269C5DEF46AC5DDF420EE08F078
:108350006151D9266251DA226BC5DEF46CC5DDF4B9
:108360001200D69E1CC373F503011D510501666FF3
:10837000656B070115510501676F0701165105016E
:10838000686F696B6A6B68C56AF567C569F5686B84
:10839000676B655167116B6F665168116C6F000EEA
:1083A00069116D6F000E6A116E6F73516B116F6FF3
:1083B0006C51706F6D51716F6E51726FD68E6FC54B
:1083C00061F570C562F571C563F572C564F512009B
:1083D000000E776F000E766F6FC569F570C56AF590
:1083E00071C56BF5F1ECBBF005016F51786F796BDE
:1083F000000E7825D96E370E7921DA6E7651722506
:10840000E16E77517321E26EDFC4E7F4784B792B8C
:10841000764B772B010E6F27000E7023000E712311
:108420007407D8A0750774517511D8B403D07905B5
:10843000D8A0DED774517511D8B41200CDD76BC552
:1084400069F56CC56AF523ECCDF00501706F700518
:10845000D8A41ED06BC5D9F46CC5DAF410EE06F0C2
:10846000DE50E126DD50E222E7506D6F6BC5D9F496
:108470006CC5DAF410EE05F0DE50E126DD50E222A4
:10848000E7500F0B6E6F6D516B6F6EC56CF5120080
:108490006BC561F56CC562F516ECC7F0FF0E611592
:1084A0006B6F0F0E62156C6F1200F6C440F5F7C4C7
:1084B00041F5F8C442F5F5C443F5AEA202D0AE9240
:1084C0000000B1AE14D0B19E208007011307D8A0E0
:1084D000140713511411D8A40AD0030E146FE80E18
:1084E000136F20821F2E03D03C0E1F6E2084B2AE6D
:1084F00003D0676ABEEC89F0B1A804D0B198070137
:10850000154B162B43C5F5F442C5F8F441C5F7F4F5
:1085100040C5F6F41100420E616F080E626F000E46
:10852000646F000E636F000E666F900E656F19EC3E
:10853000CCF0320E1E6E6500F4F1E8F4030AD8A404
:1085400003D0010E1C6E01D01C6A0201116B126B6C
:10855000136B146B156B166B176B186B699E606A47
:10856000030E616E626A020E646E710E636E030E1C
:10857000656E666A68806A6A0301668F1200296EFA
:1085800029500C0DF350060F286E060E2A6E295046
:108590000E0D0F0EF324256E140EF420266E2A50B5
:1085A0002524D96E000E2620DA6E2450DE18D8A4B9
:1085B00014D008014151405D1F0BE806D8B40DD01E
:1085C0004051020D000EF324D96E080EF420DA6E2D
:1085D00028C5DFF440291F0B406F2A2A282A0B0EDA
:1085E0002A64D5D7120079C573F57AC574F57BC5B1
:1085F00075F57CC576F5070E786F030E776F1AEC6C
:10860000C6F079C5D9F47AC5DAF410EE04F0DE507C
:10861000E126DD50E222060EE76E79C5D9F47AC56F
:10862000DAF4DEC47FF5DDC480F5050E7F25696FC1
:10863000000E80216A6F7DC56BF57EC56CF5000E5E
:108640006E6F060E6D6FE8ECC8F0120079C573F519
:108650007AC574F57BC575F57CC576F5070E786F20
:10866000010E776F1AECC6F079C5D9F47AC5DAF441
:1086700010EE04F0DE50E126DD50E222060EE76E39
:1086800079C5D9F47AC5DAF4DEC47FF5DDC480F5A6
:10869000050E7F25696F000E80216A6F7DC56BF521
:1086A0007EC56CF5000E6E6F060E6D6FE8ECC8F0BF
:1086B000120021A003D021A204D0FDD7000140B1B7
:1086C000FDD761C543F062C544F063C545F0000EB7
:1086D00000014313000E4413380E451364C546F0E1
:1086E0004151F80B0309416F000ED6BE010E050182
:1086F000656FD69E550E0001426FAA0E426F4081F3
:1087000021A003D02182BD90AD80050165B102D0CA
:10871000D69E01D0D68E120071C5D9F472C5DAF496
:1087200010EE03F0DE50E126DD50E222E7B602D083
:10873000010E120071C569F572C56AF523ECCDF022
:108740000501756F7505D8A408D071C561F572C5AE
:1087500062F516ECC7F061A7EBD771C56BF572C572
:108760006CF51FECC2F073516B1906E174516C1972
:10877000D8A402D0010E1200000E120061C5D9F477
:1087800062C5DAF4DEC465F5DDC466F565C5D9F405
:1087900066C5DAF4000EDE16F00EDE16FF0EDE16EB
:1087A000FF0EDE16FF0E6315656F0F0E6415666F04
:1087B000676B686B61C5D9F462C5DAF4DEC469F52C
:1087C000DDC46AF569C5D9F46AC5DAF46551DE120B
:1087D0006651DE126751DE126851DE12120094C536
:1087E000D9F495C5DAF4DEC461F5DDC462F505019E
:1087F00020EE10F09451D9269551DA22DEC463F5AB
:10880000DDC464F5BEECC3F094C5D9F495C5DAF4C3
:10881000DEC477F5DDC478F520EE02F09451D92658
:108820009551DA22DEC479F5DDC47AF50AECC5F09B
:1088300094C590F595C591F5C6ECC8F0120089C5B0
:1088400073F58AC574F58DC575F58EC576F5A2EC00
:10885000CBF089C5D9F48AC5DAF410EE04F0DE5005
:10886000E126DD50E222080EE76E89C5D9F48AC5FB
:10887000DAF4DEC48FF5DDC490F5050E8F25696F3F
:10888000000E90216A6F8BC56BF58CC56CF5000EE0
:108890006E6F080E6D6FE8ECC8F0120077C573F5C7
:1088A00078C574F5050E766FB40E756FA2ECCBF03B
:1088B00077C5D9F478C5DAF410EE04F0DE50E1267D
:1088C000DD50E222080EE76E77C5D9F478C5DAF4F8
:1088D000DEC47BF5DDC47CF5050E7B25696F000EDB
:1088E0007C216A6F79C56BF57AC56CF5000E6E6FE9
:1088F000080E6D6FE8ECC8F0120077C573F578C507
:1089000074F5050E766F940E756FA2ECCBF077C5FB
:10891000D9F478C5DAF410EE04F0DE50E126DD502B
:10892000E222080EE76E77C5D9F478C5DAF4DEC422
:108930007BF5DDC47CF5050E7B25696F000E7C217F
:108940006A6F79C56BF57AC56CF5000E6E6F080E0F
:108950006D6FE8ECC8F0120089C573F58AC574F52F
:108960008DC575F58EC576F5A2ECCBF089C5D9F429
:108970008AC5DAF410EE04F0DE50E126DD50E22282
:10898000080EE76E89C5D9F48AC5DAF4DEC48FF51E
:10899000DDC490F5050E8F25696F000E90216A6F7A
:1089A0008BC56BF58CC56CF5000E6E6F080E6D6F88
:1089B000E8ECC8F0120077C573F578C574F5010EC0
:1089C000766F700E756FA2ECCBF077C5D9F478C5D1
:1089D000DAF410EE04F0DE50E126DD50E222060E5D
:1089E000E76E77C5D9F478C5DAF4DEC47BF5DDC46B
:1089F0007CF5050E7B25696F000E7C216A6F79C5B9
:108A00006BF57AC56CF5000E6E6F060E6D6FE8ECB7
:108A1000C8F0120077C573F578C574F5010E766F4E
:108A2000000E756FA2ECCBF077C5D9F478C5DAF4F7
:108A300010EE04F0DE50E126DD50E222060EE76E75
:108A400077C5D9F478C5DAF4DEC47BF5DDC47CF5EE
:108A5000050E7B25696F000E7C216A6F79C56BF569
:108A60007AC56CF5000E6E6F060E6D6FE8ECC8F0FF
:108A70001200000E166F000E156F03011A9F430EB1
:108A80001B6F7C0E196F186B090E1A6F658FA18E04
:108A90001A8F020E1E6F0A0E216F1D6B1C6B6589EB
:108AA0001E81A1880501896B000E846F000E836F03
:108AB000000E866F000E856F000E876F8951F4ECF3
:108AC000BEF0892B0F0E8965EFD7206A120090C582
:108AD000D9F491C5DAF4DEC47AF5DDC47BF592C52C
:108AE0007CF593C57DF594C57EF595C57FF552EC73
:108AF000B2F090C5D9F491C5DAF4DEC496F5DDC4C0
:108B000097F596C5D9F497C5DAF4DEC48AF5DDC4C5
:108B10008BF5C80E8C6F000E8D6F000E8E6F000EE1
:108B20008F6F34ECCDF01200646F05016451070BB8
:108B3000626F636B910E6225F66ECB0E6321F76E4A
:108B4000F86A000EF8220800F5C465F5080E6461A5
:108B50000CD06551FF0A0701D71705016151D8B440
:108B6000120065510701D71312006551FF0A070172
:108B7000C91705016151D8B4120065510701C91325
:108B80001200FF0E7C15806F0F0E7D15816F070E92
:108B9000826F000E836F7B51825F000E835B070E36
:108BA0008217000E83170C0ED89082378337E82E79
:108BB000FBD780518211846F81518311856F79C5F4
:108BC00073F57AC574F57EC575F57FC576F584C5F0
:108BD00077F585C578F51AECC6F0120061C5D9F4B1
:108BE00062C5DAF463C5DFF420EE01F06151D926E5
:108BF0006251DA2264C5DEF465C5DDF420EE03F0CF
:108C00006151D9266251DA2266C5DEF467C5DDF40A
:108C100020EE05F06151D9266251DA2268C5DEF4F2
:108C200069C5DDF420EE07F06151D9266251DA22E0
:108C3000DF6A120073C561F574C562F575C563F529
:108C400076C564F5BBECBDF073C5D9F474C5DAF430
:108C500010EE03F0DE50E126DD50E222F70EE716BB
:108C600073C561F574C562F577C563F578C564F5BC
:108C70008AECBAF073C5D9F474C5DAF410EE04F0D6
:108C8000DE50E126DD50E222E76A1200676B675191
:108C90006325D96E000E6421DA6E67516125E16E9D
:108CA000000E6221E26EDE50E65CD8B002D0010E0A
:108CB000120067516125D96E000E6221DA6E67518C
:108CC0006325E16E000E6421E26EDE50E65CD8B0F2
:108CD00002D0FF0E1200672B070E6765D8D7000E73
:108CE000120069C561F56AC562F516ECC7F0280E79
:108CF00061191FE1180E6219D8A41BD069C5D9F4F7
:108D00006AC5DAF410EE05F0DE50E126DD50E2220D
:108D1000E7AA02D0010E1200010EF46F69C561F5D9
:108D20006AC562F5EBECCBF061C50DF762C50EF7D5
:108D3000F1D7000E12004E0E07018D6F7AC5F6F4C2
:108D40007BC5F7F47CC5F8F421EE8EF3050E09001F
:108D5000F5C4DEF4E806FBE205017F698D0E7D6F48
:108D6000070E7E6F806B7DC5D9F47EC5DAF4DF50C7
:108D70007F1B7D4B7E2B802B060E8065F4D77FC535
:108D800094F712ECCDF012007AC5D9F47BC5DAF471
:108D9000DEC461F5DDC462F57CC563F57DC564F5AF
:108DA000BBECBDF07AC5D9F47BC5DAF4DEC473F54B
:108DB000DDC474F5010E756FACECC9F07AC5D9F459
:108DC0007BC5DAF4DEC473F5DDC474F57EC575F5D4
:108DD0007FC576F5FFECB8F01200000E05016115B5
:108DE000646FFF0E6215656FFF0E6315666F0F509F
:108DF000641907E11050651904E111506619D8B4DF
:108E0000120061C543F062C544F063C545F000013E
:108E10004151F80B0209416F408140B1FED764C552
:108E20000FF565C510F566C511F5120061C5D9F4D9
:108E300062C5DAF4DEC463F5DDC464F563C5D9F454
:108E400064C5DAF4DEC465F5DEC466F5DEC467F534
:108E5000DEC468F5040E0501636FD890683367338C
:108E600066336533632FF9D766C565F567517F0BA8
:108E7000666F65C561F566C562F5120094C5D9F4E3
:108E800095C5DAF4DEC479F5DDC47AF520EE10F08C
:108E90009451D9269551DA22DEC47BF5DDC47CF5E8
:108EA00020EE02F09451D9269551DA22DEC47DF5E8
:108EB000DDC47EF5F3ECC2F094C590F595C591F54F
:108EC000C6ECC8F0120094C5D9F495C5DAF4DEC436
:108ED00079F5DDC47AF520EE10F09451D92695513C
:108EE000DA22DEC47BF5DDC47CF520EE02F094517D
:108EF000D9269551DA22DEC47DF5DDC47EF526EC57
:108F0000C3F094C590F595C591F5C6ECC8F0120074
:108F10002BECCEF038ECB4F0070120EE0FF0EC5162
:108F2000D926ED51DA22000EDE6EC00EDE6E000E86
:108F3000DE6EC00EDD6E3E0E0501616F070E626FC4
:108F4000000E636FFF0E646F000E656FFF0E666F9D
:108F5000D0ECCDF0040E1B6E12001AD063C5D9F40C
:108F600064C5DAF4DF50676F65C5D9F466C5DAF415
:108F700063C5E1F464C5E2F4DFC4E7F4634B642B3A
:108F800065C5D9F466C5DAF467C5DFF4654B662BB1
:108F90006107D8A062076129E1E16229D8B4120013
:108FA000DDD78DC5D9F48EC5DAF4000EDB8620EE50
:108FB00005F08D51D9268E51DA22440EDF6E000E57
:108FC0007A6F000E7B6F000E7C6F000E7D6F030EBC
:108FD0008D257E6F000E8E217F6F000E816F030E38
:108FE000806F3EECBAF012008DC5D9F48EC5DAF46C
:108FF000000EDB8220EE05F08D51D9268E51DA224B
:10900000330EDF6E000E7A6F000E7B6F000E7C6FEA
:10901000000E7D6F030E8D257E6F000E8E217F6FFB
:10902000000E816F030E806F3EECBAF012008DC50A
:10903000D9F48EC5DAF4000EDB8420EE05F08D51F4
:10904000D9268E51DA22FF0EDF6E000E7A6F000EE7
:109050007B6F000E7C6F000E7D6F030E8D257E6F83
:10906000000E8E217F6F000E816F030E806F3EEC2D
:10907000BAF01200666F900E05016625D96EDA6AA5
:10908000090EDA22DF6A6651020D400EF324D96E12
:10909000090EF420DA6EDE6ADD6A6651020D600E9A
:1090A000F324D96E090EF420DA6EDE6ADD6A000E52
:1090B000616F665194ECC5F012006BC5D9F46CC5B4
:1090C000DAF410EE03F0DE50E126DD50E222E7B6DE
:1090D00002D0000E12006BC569F56CC56AF523EC71
:1090E000CDF005016D6F6D05D8A408D06BC561F595
:1090F0006CC562F516ECC7F061A7EBD7010E120044
:109100006351030DF3C464F5F4C465F520EE01F07A
:109110006151D9266251DA22DEC466F5DDC467F5F5
:1091200064516625686F65516721696F68C5F6F4FB
:1091300069C5F7F4000EF86E0900F5C461F50A0080
:10914000F5C462F512006351030DF3C464F5F4C471
:1091500065F520EE01F06151D9266251DA22DEC4B4
:1091600066F5DDC467F564516625686F6551672152
:10917000696F020E6827000E692368C5F6F469C599
:10918000F7F4000EF86E0800F5501200010160B10E
:1091900002D0000E120090C5D9F491C5DAF4DEC4F5
:1091A00092F5DDC493F592C5D9F493C5DAF4DEC423
:1091B0008AF5DDC48BF5000E05018C6F000E8D6FF6
:1091C000000E8E6F000E8F6F34ECCDF0010E12008A
:1091D0006BC572F56CC573F569C570F56AC571F537
:1091E00010D072C5D9F473C5DAF4DF506F6F724BCB
:1091F000732B70C5D9F471C5DAF46FC5DFF4704B09
:10920000712B6D07D8A06E076D29EBE16E29D8B4DC
:109210001200E7D7B9ECCCF007018C6B4E0E8D191C
:10922000D8B48C8905017C698D0E7A6F070E7B6F2F
:109230007D6B7AC5D9F47BC5DAF4DF507C1B7A4BA1
:109240007B2B7D2B070E7D65F4D77C51D8A41200B3
:1092500007018C8B12006D6B69C5D9F46AC5DAF40D
:1092600010EE03F0DE50E126DD50E222E7B612D028
:1092700069C561F56AC562F516ECC7F0000E6115A7
:109280006B6F700E62156C6F400E6C5DD8A002D0D3
:10929000010E6D6F6D51120061C5D9F462C5DAF42B
:1092A00010EE05F0DE50E126DD50E2220F0EE7164B
:1092B00063C564F5643BF00E6417F00E641761C576
:1092C000D9F462C5DAF410EE05F0DE50E126DD5087
:1092D000E2226451E712120069C561F56AC562F5C0
:1092E00016ECC7F0700E611906E1190E6219D8A4C8
:1092F00002D0010E120069C561F56AC562F516EC6F
:10930000C7F0680E611906E1190E6219D8A402D0DF
:10931000010E1200000E120069C561F56AC562F502
:1093200016ECC7F0900E611906E1140E6219D8A46C
:1093300002D0010E120069C561F56AC562F516EC2E
:10934000C7F0880E611906E1140E6219D8A402D084
:10935000010E1200000E120073C561F574C562F5AE
:1093600016ECC7F061C576F562C577F58F0E7717F5
:109370007539F00B796F700E79177751791376C5BF
:1093800078F573C561F574C562F578C563F579C57F
:1093900064F58AECBAF0120061C543F062C544F08E
:1093A00063C545F0000ED6BE010E646FD69E000167
:1093B0004151F80B0509416F550E426FAA0E426FDD
:1093C000408140B1FED7050164B102D0D69E01D0E4
:1093D000D68E0701176B12006D6B69C561F56AC502
:1093E00062F516ECC7F0030E611913E1070E62195E
:1093F000D8A40FD069C561F56AC562F5EBECCBF076
:109400006B51611906E16C516219D8A402D0010EAA
:109410006D6F6D51120021A003D021A204D0FDD7A1
:10942000000140B1FDD761C543F062C544F063C59A
:1094300045F0000E00014313000E4413380E45138F
:10944000416B4081FE0E436F030E446F380E456F33
:10945000465112000F5010101110D8B412000FC551
:1094600061F510C562F511C563F5010E0501656F63
:10947000000E646F000E666FACECBFF00FC565F5B3
:1094800010C566F511C567F5DFECCDF00701176B68
:109490001200256A266A010E246E2550D8A40BD02E
:1094A0002650120D500EF324D96E080EF420DA6EF9
:1094B000DF50D8B4246A2450D8B402D0010E01D0B1
:1094C000000E256E262A070E2664E5D725501200C9
:1094D000676F67C568F5680E0501616F050E626FFD
:1094E000D9EC8DF06551D8B407D06EC5D9F46FC5ED
:1094F000DAF46951DF1212006951FF0A666F6EC516
:10950000D9F46FC5DAF46651DF1612006D6B69C5C8
:1095100061F56AC562F516ECC7F0610513E1070E47
:109520006219D8A40FD069C561F56AC562F5EBEC84
:10953000CBF06B51611906E16C516219D8A402D0CD
:10954000010E6D6F6D511200676F67C568F5680E8B
:109550000501616F050E626FD9EC8DF06551D8A4DD
:109560000AD06951FF0A666F6AC5D9F46BC5DAF48F
:109570006651DF1612006AC5D9F46BC5DAF4695179
:10958000DF121200676F67C568F5680E0501616F2D
:10959000050E626FD9EC8DF06551D8B407D06CC55B
:1095A000D9F46DC5DAF46951DF1212006951FF0A6E
:1095B000666F6CC5D9F46DC5DAF46651DF1612001A
:1095C000050120EE55F06151D9266251DA22DF50B3
:1095D000D8B405D0000E616F000E626F120020EE4D
:1095E00055F06151D9266251DA22010EDF6E040E68
:1095F0006125616F000E6221626F1200626F0501CA
:10960000646B6151D8B415D0010E636F03D0D8904C
:109610006137632B61AFFBD7D89064376151625DCE
:10962000D8A003D06151625F6481D8906133632F09
:10963000F3D76451120094C5D9F495C5DAF4DEC4A9
:1096400079F5DDC47AF5050120EE10F09451D926A4
:109650009551DA22DEC47BF5DDC47CF5B2ECCDF0A9
:1096600094C590F595C591F5C6ECC8F012006BC590
:1096700069F56CC56AF523ECCDF005016E6F010E3E
:109680006D6F020E6E19D8B40CD0030E6E19D8B4DB
:1096900008D0040E6E19D8B404D0050E6E19D8A4E3
:1096A0006D6B6D511200956F750E0501616F070EA0
:1096B000626F95C563F580ECC8F061C57AF562C547
:1096C0007BF57C6B7D6B8D0E7E6F050E7F6F000EC4
:1096D000816F080E806F3EECBAF012006FC569F51D
:1096E00070C56AF571C56BF5F1ECBBF0FF0E0501B5
:1096F0006F15736F000E7015746F000E7325D96EA1
:10970000370E7421DA6E72C5DFF4010E0701176F90
:10971000120061C563F562C564F502D0614B622B2E
:1097200061C5F6F462C5F7F4000EF86E0800F55056
:109730000009D8A4F3D76351615D616F6451625928
:10974000626F120073C5D9F474C5DAF410EE03F039
:10975000DE50E126DD50E222000EE38673C561F59E
:1097600074C562F5000E7511636F100E7611646F8B
:109770008AECBAF0120007017A69000E05017A6FCF
:10978000000E7B6F000E7C6F000E7D6F780E7E6F7B
:10979000070E7F6F000E816F030E806F3EECBAF0F4
:1097A0003BECCEF0FF001200656F65C566F5660EF6
:1097B0000501616F050E626FD9EC8DF06EC5D9F4AD
:1097C0006FC5DAF4DF5067156719D8A402D0010E0F
:1097D0001200000E120061C5D9F462C5DAF4DEC4CD
:1097E00063F5DDC464F563C5D9F464C5DAF4DEC499
:1097F00065F5DDC466F5FF0E6515616F0F0E661524
:10980000626F12006FC569F570C56AF571C56BF5B9
:10981000F1ECBBF0FF0E05016F15726F000E7015B5
:10982000736F000E7225D96E370E7321DA6EDF501A
:10983000120061C567F562C568F508D067C5D9F43F
:1098400068C5DAF463C5DFF4674B682B6507D8A0F9
:1098500066076529F3E16629D8B41200EFD77EC503
:1098600086F77FC587F7080E7E250701886F000EF3
:1098700005017F210701896F80C58AF781C58BF7B4
:10988000956B0AECC9F01200696F69C5F3F5220EF9
:109890000501616F050E626FB40E636F070E646F92
:1098A00003ECCEF067C50BF768C50CF7080EF26F36
:1098B0001200626F080E0501636F646BD890623509
:1098C0006435646FD89062376151645DD8A002D06E
:1098D0006151645F632FF2D76451120061C5D9F4FE
:1098E00062C5DAF463C5DEF464C5DDF420EE02F08F
:1098F0006151D9266251DA2265C5DEF466C5DDF410
:109900001200000E616F0A0E626F6FC563F570C5BD
:1099100064F571C565F572C566F573C567F574C5FF
:1099200068F5A1ECB9F012006551D8B408D020EE6A
:1099300007F06351D9266451DA22DF50120020EE7D
:1099400006F06351D9266451DA22DF50120000007C
:109950000000FFFFFFFF0000000001000000FF000B
:109960000000FF00FF00FFFF0000FEFFFFFF00FF01
:10997000FFFF000E05016F6FB00E706F010E716F6B
:109980008D0E726F070E736F000E756F080E746F79
:10999000E8ECC1F012003E0E05016C6F070E6D6F12
:1099A000000E6E6FEDECAFF01A0E6C6F070E6D6F60
:1099B000010E6E6FEDECAFF012003BECCEF0FF0E3F
:1099C0000501616F030E626F380E636F000E646FE6
:1099D00059ECC3F0000140B1FDD7FF001200D8C41C
:1099E00060F5BDA00BD0BD90AD9021920001416B00
:1099F000FE0E436F030E446F380E456F60C5D8F4FA
:109A0000110020EE06F06151D9266251DA2264C5B8
:109A1000DFF420EE07F06151D9266251DA2263C5E6
:109A2000DFF41200000E6F6FB00E706F010E716FD9
:109A30008D0E726F070E736F000E756F080E746FC8
:109A4000B6ECBEF0120069C561F56AC562F516ECA8
:109A5000C7F061C507F762C508F70701083B0F0E9D
:109A600008170851070B12008AC57EF58BC57FF5D4
:109A70008CC580F58DC581F58EC582F58FC583F5C2
:109A8000010E846FF0ECB9F01200FF0E0501616F5A
:109A9000030E626F380E636FFF0E646F59ECC3F0F4
:109AA000000140B1FDD7FF0012002C6E2B50D8B43E
:109AB00006D0140E246E2C50BFECC2F01200160E0D
:109AC000246E2C50BFECC2F012002C6E2B50D8B478
:109AD00006D0180E246E2C50BFECC2F01200170EE8
:109AE000246E2C50BFECC2F012002C6E2B50D8B458
:109AF00006D0150E246E2C50BFECC2F01200130ECF
:109B0000246E2C50BFECC2F01200000E616FB10E3B
:109B1000626F010E636F3F0E656F000E646F000E83
:109B2000666FACECBFF0120020EE1CF06151D9263C
:109B30006251DA226351DE126451DE126551DE1287
:109B40006651DE121200050120EE12F07F51D92677
:109B50008051DA22DF6A7FC561F580C562F511ECBC
:109B600088F0120079C573F57AC574F57BC575F573
:109B70007CC576F5070E786F000E776F1AECC6F08D
:109B80001200E7C5DCF5E8C5DDF5E9C5DEF5EAC597
:109B9000DFF5EBC5E0F5ECC5E1F5DAEC97F0120086
:109BA00020EE0FF06151D9266251DA2263C5DEF44E
:109BB00064C5DEF465C5DEF466C5DEF412006751E7
:109BC00004E1800E665DD8A0120065C561F566C52A
:109BD00062F567C563F5CCECC9F0120021EE8EF397
:109BE00061C5E1F462C5E2F4050EDBC4E3F4E80606
:109BF000FCE212003EEC71F0B3C56FF5B4C570F530
:109C000080ECAFF0120061C5D9F462C5DAF463C527
:109C1000DEF464C5DDF41200000E0F6E000E106E4F
:109C2000000E116E0701176B12008F6F010E0501F8
:109C30008A6F8F515EECC0F012008F6F000E05012D
:109C40008A6F8F515EECC0F0120061C512F562C5DB
:109C500013F5F46B12000501FA6BF96BF86B1B6AD4
:109C600012008AC761F58BC762F51200616F0501AA
:109C70006151110F12002AECCAF00701956B120016
:109C80003BECCEF0FF001200A29E676A699E1200B4
:109C90005458200000001200FF00FF00FF00FF00EA
:020000040020DA
:10000000FFFFFFFFFFFFFFFFFFFFFFFFFFFFFFFF00
:10001000FFFFFFFFFFFFFFFFFFFFFFFFFFFFFFFFF0
:10002000FFFFFFFFFFFFFFFFFFFFFFFFFFFFFFFFE0
:10003000FFFFFFFFFFFFFFFFFFFFFFFFFFFFFFFFD0
:020000040030CA
:10000000AAEFF7FC9FFFFFFFFFFFFFFFFFFFFFFFD0
:10001000FFFFFFFFFFFFFFFFFFFFFFFFFFFFFFFFF0
:03002000FFFFFFE0
:00000001FF
